x,y,p_Adenocarcinoma_high_grade,p_Adenocarcinoma_low_grade,p_Adenoma_high_grade,p_Adenoma_low_grade,p_Fat,p_Hyperplastic_polyp,p_Inflammation,p_Mucus,p_Muscle,p_Necrosis,p_Sessile_serrated_lesion,p_Stroma_healthy,p_Vessels
0,0,0.0010640138,0.07056195,0.87982965,0.023376046,0.00035891173,0.0003548961,0.001814133,0.00065741874,0.0005762216,0.0004438228,0.0033264053,0.012931695,0.0047048586
2240,0,0.0010104137,0.049873397,0.89045966,0.033867266,0.0004393671,0.00028647564,0.0024842103,0.0006801068,0.00089649827,0.0006228768,0.0029410638,0.011932906,0.004505751
4480,0,0.0010436132,0.0564141,0.88971287,0.031178873,0.00037181887,0.0002852103,0.0019226887,0.0006157253,0.0006248678,0.00045622836,0.0033638675,0.009834638,0.0041755075
6720,0,0.0012017954,0.07308349,0.87099874,0.033418387,0.00036577383,0.00024777633,0.0021982838,0.0006895317,0.00059905776,0.0006038628,0.003002625,0.010180128,0.0034105738
8960,0,0.001156365,0.0631474,0.89096457,0.028633516,0.00023371058,0.00024418166,0.0010255325,0.00064039783,0.00042949364,0.0004760735,0.0031777031,0.0062939078,0.0035769828
11200,0,0.00095829705,0.060993113,0.8844009,0.029009394,0.00035325898,0.00034669472,0.001941294,0.0006291196,0.00076313404,0.0005153258,0.0026544149,0.013173181,0.0042618974
13440,0,0.0010720788,0.05937472,0.884836,0.03425099,0.00030432615,0.0003133012,0.0015478707,0.0006662338,0.00061364047,0.00045209267,0.003196189,0.009210741,0.0041619428
15680,0,0.0009420625,0.06684175,0.87641764,0.028213833,0.00042469698,0.00037743401,0.0025228034,0.0006976919,0.000872006,0.0006430073,0.0030982783,0.013882792,0.0050659655
17920,0,0.00075566384,0.08664896,0.866832,0.025791392,0.00038627422,0.00033204068,0.0019395914,0.0005813937,0.0005444472,0.0007207315,0.0031416123,0.008725074,0.0036007825
96320,0,0.0011369811,0.09613633,0.84662765,0.022708349,0.00055905565,0.0005005568,0.002241084,0.00076692697,0.00078058575,0.0010583779,0.0032217887,0.017051414,0.0072109154
98560,0,0.001228756,0.045727838,0.9022659,0.032060035,0.00037806286,0.00022412112,0.0012740897,0.000595684,0.0004969282,0.00057909073,0.0029967045,0.007962289,0.004210429
100800,0,0.0010582041,0.049868796,0.88269377,0.039496347,0.0004683536,0.00031046767,0.0023907623,0.00074059935,0.0007838119,0.0006172291,0.0033183715,0.012988983,0.0052644075
103040,0,0.0011888198,0.036307536,0.90669984,0.03901292,0.0002732453,0.00022954175,0.001337636,0.0007196175,0.00048042194,0.00040059813,0.0032122221,0.0064821565,0.0036554935
105280,0,0.0011281997,0.043477844,0.8971272,0.034052506,0.00046036096,0.0002754503,0.00247681,0.00065148424,0.0007585919,0.0004930857,0.0031967075,0.011341378,0.0045603365
107520,0,0.0012961905,0.039003827,0.8956622,0.038882855,0.00049936894,0.0002455761,0.0022214164,0.00066194293,0.0008058741,0.00046325126,0.003724999,0.011378963,0.005153565
109760,0,0.0013797052,0.028473925,0.8905902,0.054449692,0.0006206184,0.00020550577,0.0032303152,0.0007029567,0.0010274852,0.0006590958,0.00360013,0.010018763,0.0050415564
112000,0,0.0014078399,0.025232643,0.8953133,0.055680193,0.0004831025,0.00023151697,0.0023117964,0.0007311649,0.0009410722,0.0005339981,0.0033036286,0.009126714,0.0047029993
114240,0,0.001430132,0.03248969,0.891511,0.04976763,0.00050584757,0.00022999881,0.0023733426,0.0006457536,0.00078915997,0.0005987111,0.003131077,0.010161271,0.0063662576
116480,0,0.0016409928,0.029140295,0.8911677,0.060474712,0.00044850484,0.00016067534,0.0019598156,0.0006866694,0.00070057367,0.00061007764,0.00329669,0.0060443874,0.0036687995
118720,0,0.0014624229,0.03645158,0.8788252,0.059981544,0.0004538245,0.0002596686,0.0023171809,0.0008991186,0.0007457976,0.00056146976,0.0046217274,0.008580698,0.0048397034
120960,0,0.0012716881,0.04086045,0.9059451,0.033828966,0.0003243734,0.00022585697,0.0013170836,0.00065158657,0.00049996906,0.00042644725,0.0029909876,0.007558428,0.0040989583
123200,0,0.0012409273,0.025723144,0.894353,0.054026693,0.00051603967,0.00023091823,0.0030443065,0.00069977227,0.0010191636,0.0005554156,0.0026293653,0.011423054,0.0045381533
125440,0,0.0014993186,0.026654825,0.87951434,0.06671735,0.0005710386,0.00022062309,0.0030712646,0.00070284045,0.0010006673,0.00049622444,0.0034737939,0.011330184,0.0047476157
51520,6720,0.004889684,0.8719137,0.10020429,6.713861e-05,0.0040900744,0.00077678653,0.00056522066,0.00036507763,6.532561e-05,0.00065761316,0.012315822,0.00018255615,0.0039067254
53760,6720,0.00811184,0.88503903,0.097255975,5.5557466e-05,0.002450559,0.0004072286,0.00028141477,0.00021920701,4.325669e-05,0.00023631172,0.0042557456,0.00014769658,0.0014961299
56000,6720,0.003006593,0.8637186,0.123203844,6.733765e-05,0.0022017031,0.00048070494,0.00028952985,0.00023031572,3.968373e-05,0.00032343532,0.0046883826,0.00012373505,0.0016260775
58240,6720,0.005289262,0.8325718,0.13397026,8.938709e-05,0.0072243637,0.0007095194,0.000586194,0.00032653002,7.235206e-05,0.0005188284,0.013419463,0.00024348128,0.0049785753
60480,6720,0.005517489,0.79778135,0.18135312,0.000104893676,0.0032184576,0.00052341155,0.00030962055,0.0002908774,5.9952432e-05,0.00027737443,0.0076025496,0.00012899213,0.002831823
71680,6720,0.0057721552,0.9007961,0.08112401,5.3569525e-05,0.003604652,0.00048065986,0.000250303,0.00021584504,4.3821732e-05,0.00032916834,0.0051781773,0.00014701019,0.00200454
73920,6720,0.005387315,0.8692998,0.10678423,7.0580216e-05,0.005557452,0.00052444235,0.00046919784,0.000262487,5.3415017e-05,0.0004381395,0.0076657804,0.00020436058,0.003282731
76160,6720,0.005838853,0.8877591,0.096974306,5.0065333e-05,0.0025139202,0.00036634016,0.00023157395,0.00019596363,4.875172e-05,0.0003029242,0.004188273,0.00014247102,0.0013875
78400,6720,0.0040900465,0.89025176,0.09836334,5.112665e-05,0.001749011,0.00031747395,0.00018513555,0.00019842228,3.7267935e-05,0.00025199237,0.0032446906,0.00012837339,0.0011315139
80640,6720,0.004605241,0.89267015,0.094822325,4.9829774e-05,0.0019920566,0.00031942586,0.00018801542,0.0001714305,4.53367e-05,0.00025434874,0.0034888089,0.00011499292,0.00127796
82880,6720,0.005363682,0.9161952,0.06675029,4.6232028e-05,0.003438515,0.00034433187,0.00025800397,0.00021907104,5.2129988e-05,0.00042763204,0.0049194735,0.00012918562,0.0018563137
47040,8960,0.0034405696,0.82829964,0.14791484,9.9117744e-05,0.0038771858,0.0008435379,0.0005396102,0.00043081975,5.2295523e-05,0.0003316812,0.011066805,0.00017622949,0.0029275955
49280,8960,0.005011367,0.83452284,0.13091363,9.396205e-05,0.0050220047,0.0007790267,0.000661421,0.00040977975,6.64997e-05,0.0005573493,0.014243935,0.0002771368,0.0074410676
51520,8960,0.0042194044,0.8847116,0.10208195,5.8119487e-05,0.001977203,0.0003863725,0.00024627522,0.0002225166,3.7650076e-05,0.00024299296,0.00428002,0.000121866025,0.0014140913
53760,8960,0.0035797923,0.8180024,0.16982645,8.455169e-05,0.0017765572,0.00039963334,0.00031573107,0.00021520848,3.715089e-05,0.00024971095,0.0040405267,0.00015750981,0.0013148269
56000,8960,0.0051002195,0.8300581,0.1528824,8.373297e-05,0.0024258904,0.00044702773,0.00030875034,0.00022273281,4.9769795e-05,0.00022584519,0.0060313675,0.0001618351,0.0020022606
58240,8960,0.0033048957,0.89469594,0.07415224,6.475931e-05,0.007894906,0.00070859777,0.00043899906,0.00026761883,5.8604335e-05,0.0007576234,0.0127738295,0.00026782666,0.0046142703
60480,8960,0.0045516877,0.81452584,0.15724424,9.924919e-05,0.006163078,0.00056721544,0.00060504646,0.00029530894,6.0296556e-05,0.0006219409,0.010419891,0.00021733159,0.004628791
62720,8960,0.0042810487,0.8783502,0.0858537,6.605753e-05,0.008513709,0.0006101769,0.00064506,0.00034203965,6.9787835e-05,0.0034160153,0.01479805,0.0001707961,0.0028834483
67200,8960,0.0043416237,0.80989516,0.14719559,0.00011563512,0.008311928,0.00069519633,0.0009900578,0.0005608305,7.253319e-05,0.002227902,0.019416455,0.00020739877,0.005969651
69440,8960,0.0055899764,0.878788,0.100460164,6.163364e-05,0.0037859257,0.00053220754,0.00036020202,0.00025840497,4.896979e-05,0.00043136772,0.0068904674,0.00017498214,0.002617673
71680,8960,0.008631437,0.90610415,0.074814305,4.4109016e-05,0.0029978273,0.00040606153,0.00024828353,0.00019254876,4.435126e-05,0.00035352,0.004527702,0.00015973208,0.0014759691
73920,8960,0.009838387,0.89457715,0.08658462,5.032154e-05,0.0026042927,0.0003651559,0.0002186598,0.00020520549,4.797925e-05,0.00024265138,0.003729008,0.00016747139,0.0013691788
76160,8960,0.0037220118,0.8943752,0.09288941,4.9963437e-05,0.002479418,0.0004261219,0.00022692294,0.00017615111,3.5743473e-05,0.00025564706,0.0036190131,0.00014986879,0.0015945352
78400,8960,0.004539775,0.87777674,0.10861886,6.06786e-05,0.001982119,0.0003849944,0.00023527692,0.00022300932,4.2710646e-05,0.00041059998,0.004231594,0.00011945722,0.0013741046
80640,8960,0.0057894783,0.8681585,0.11759539,6.2660474e-05,0.0022555736,0.0003250939,0.00024601773,0.00017794913,4.397591e-05,0.00022395472,0.0034913127,0.00014124041,0.0014887858
82880,8960,0.0049832505,0.90326834,0.08138633,5.2144358e-05,0.0029056717,0.00041505764,0.00022278397,0.00020899797,3.7547714e-05,0.00025407376,0.0043184445,0.00013199792,0.0018152761
47040,11200,0.0029496555,0.7292039,0.22591524,0.00018980476,0.006077846,0.00088541623,0.0009893983,0.0006466672,7.8712146e-05,0.00059720763,0.023093656,0.0002722036,0.0091003645
49280,11200,0.006715491,0.8586317,0.12359045,7.724217e-05,0.002076277,0.00048138396,0.00031636807,0.00028631755,3.8026148e-05,0.00026106453,0.0054935305,0.00015463609,0.0018774592
51520,11200,0.0059311977,0.92149097,0.059899796,3.5558907e-05,0.003399108,0.000509343,0.00024713817,0.00018079965,4.7268193e-05,0.00037677065,0.005821506,0.0002901687,0.001770336
53760,11200,0.0069069285,0.8955893,0.087579444,4.753128e-05,0.0025199668,0.00037060707,0.00029298468,0.00020557507,3.9373415e-05,0.00029658814,0.004321425,0.00021132256,0.0016190223
56000,11200,0.0039877943,0.86064094,0.12642384,6.579408e-05,0.0021561675,0.0003935541,0.00027551432,0.00021606959,3.7312606e-05,0.00022315385,0.004094679,0.00016911108,0.001316031
58240,11200,0.005386954,0.91363883,0.070277356,4.459991e-05,0.0030902491,0.00040935318,0.00020879638,0.00018498972,3.7945676e-05,0.00027968013,0.0047738943,0.0001623672,0.0015049356
60480,11200,0.004618856,0.90853673,0.07048985,4.6329224e-05,0.004189356,0.0005389593,0.00027968836,0.0001847827,4.6747617e-05,0.00048817723,0.007996354,0.0002438127,0.0023403934
62720,11200,0.0051997467,0.9132505,0.07264617,3.990643e-05,0.002431385,0.00037346513,0.00021824577,0.00017177257,4.0662057e-05,0.00032782275,0.0037151969,0.00015729025,0.0014278381
64960,11200,0.0051071057,0.8691064,0.108181916,6.261084e-05,0.0037704532,0.00058455614,0.0003770124,0.00023249775,5.0883176e-05,0.00046934874,0.008929102,0.0002545608,0.002873587
67200,11200,0.0066032973,0.91828036,0.06452057,3.9024784e-05,0.0028581182,0.00042665753,0.0002114712,0.00018618573,4.4183154e-05,0.00032381146,0.0048347125,0.00017195455,0.0014996006
69440,11200,0.0048064776,0.91459775,0.066024005,4.4745142e-05,0.003934671,0.0005755626,0.00036878642,0.00019751032,4.6927533e-05,0.00046845461,0.0062267506,0.00022529645,0.0024831167
71680,11200,0.008957265,0.9031385,0.07873999,4.542153e-05,0.0029141798,0.00036859838,0.00023028273,0.00017831444,4.1773903e-05,0.0002697459,0.0035477031,0.00018570012,0.0013824938
73920,11200,0.00838171,0.87113714,0.11107294,5.9981816e-05,0.0027165448,0.00034403638,0.00024514474,0.00019480757,4.564573e-05,0.00022623262,0.0039128726,0.0001873891,0.001475497
76160,11200,0.002644922,0.8715903,0.110735506,6.270361e-05,0.0035827742,0.0005287433,0.00039353842,0.00022086031,5.948072e-05,0.00048295548,0.0058637746,0.00038344853,0.0034509164
78400,11200,0.0043528243,0.87024575,0.112245515,5.496742e-05,0.003763181,0.00047080178,0.00029839008,0.00018031341,4.7269383e-05,0.00034993593,0.0053927195,0.0002594226,0.0023388886
80640,11200,0.0054130442,0.91278815,0.07219402,3.890894e-05,0.0028569058,0.00038575364,0.00022910185,0.0001372851,4.19109e-05,0.00031557435,0.0037397281,0.00019128325,0.0016684063
82880,11200,0.0062877187,0.8849411,0.0963061,5.9790396e-05,0.0035679399,0.00037266503,0.00030229715,0.0002028072,5.4350086e-05,0.000332557,0.005480638,0.00014353576,0.0019484306
85120,11200,0.003638333,0.7618045,0.19673896,0.00014274506,0.008555536,0.0008815756,0.000832644,0.0004529881,6.2479456e-05,0.00090102135,0.018417029,0.00020829603,0.00736388
49280,13440,0.0018970321,0.7994692,0.17025058,0.00013003088,0.0047507086,0.0017437562,0.0006573404,0.0008024141,4.8065063e-05,0.00033458116,0.016107146,0.00020638556,0.0036027804
51520,13440,0.0053250273,0.876162,0.109585226,6.077145e-05,0.0023143904,0.000337334,0.0002447028,0.00018889051,4.261407e-05,0.0002327578,0.0039218515,0.00014141526,0.0014430886
53760,13440,0.0058648316,0.9091117,0.07515862,4.2202366e-05,0.0024673243,0.0004232669,0.00026653495,0.00019684565,4.105878e-05,0.0002937356,0.00439923,0.00021444191,0.0015202664
56000,13440,0.0074118343,0.9123544,0.071025655,4.101012e-05,0.0026717486,0.00041494725,0.0002315063,0.00021805905,3.812348e-05,0.00031069174,0.0038674294,0.00016715069,0.0012473617
58240,13440,0.005756387,0.90360415,0.07917662,4.9769103e-05,0.0031102104,0.00044070938,0.00029298977,0.0002171842,4.5094603e-05,0.0003426796,0.005295136,0.00015698517,0.0015121606
60480,13440,0.00512771,0.9175819,0.057364244,4.1690266e-05,0.0047922186,0.00069369737,0.00035812665,0.0002834027,5.1887542e-05,0.00084354397,0.010390111,0.0002290294,0.0022424143
62720,13440,0.0073280167,0.9146465,0.069059156,3.79751e-05,0.0026558056,0.00040419027,0.00021280427,0.00017775969,4.1098097e-05,0.00029541034,0.0035632032,0.00018973452,0.0013883717
64960,13440,0.0049191294,0.8725209,0.112119935,6.095616e-05,0.002595104,0.00042952018,0.00024540236,0.0002168185,4.2965392e-05,0.00022764594,0.0048807417,0.0001889459,0.0015518428
67200,13440,0.00646313,0.8448706,0.13943037,6.84415e-05,0.0024988358,0.00040543382,0.00026958436,0.00020362127,4.0173145e-05,0.00021866363,0.003732197,0.0002018749,0.0015970975
69440,13440,0.005332339,0.8929017,0.092529304,4.6567628e-05,0.0024991995,0.00045347342,0.00024397922,0.0002214273,4.0229497e-05,0.0002950342,0.003945007,0.00017462835,0.001317123
71680,13440,0.009523404,0.8886335,0.0933966,5.2348583e-05,0.0022103947,0.00036740038,0.0002373337,0.00020851355,3.9827664e-05,0.0002623262,0.0035629605,0.00018632355,0.0013192112
73920,13440,0.0070749777,0.88993853,0.09186645,4.955767e-05,0.0034082162,0.00043513265,0.00027053428,0.000203942,4.7794103e-05,0.00026505586,0.0045825555,0.00021295968,0.0016442954
76160,13440,0.0035759555,0.7521873,0.22250535,0.00012172141,0.0061208233,0.00043982483,0.00062351645,0.00033425522,7.215848e-05,0.00046688778,0.007916251,0.00053115963,0.0051047057
78400,13440,0.002728156,0.7222149,0.24368383,0.00016874945,0.0063063833,0.00063350826,0.000795514,0.00033492438,6.980473e-05,0.0004296421,0.010252709,0.0006456544,0.011736313
80640,13440,0.005562535,0.91976184,0.061260864,3.9055365e-05,0.003509639,0.0004256232,0.00035501373,0.00018437853,4.370195e-05,0.00056178647,0.0060430435,0.00019423173,0.0020582972
82880,13440,0.005570127,0.8809394,0.10156597,5.7585883e-05,0.0027743827,0.0004270445,0.00025421876,0.00023228636,4.994444e-05,0.00036693815,0.006037652,0.00015691177,0.0015676018
85120,13440,0.0058609876,0.8173641,0.15733537,9.113704e-05,0.0052673738,0.0005581707,0.00041889423,0.0002683476,5.8270263e-05,0.00043100637,0.009232937,0.00019854569,0.0029148515
87360,13440,0.0038276322,0.7674643,0.18650578,0.00015552292,0.008703184,0.0007924354,0.0010569801,0.0004989148,7.337231e-05,0.00080626394,0.019870609,0.00025759384,0.009987312
91840,13440,0.005204937,0.82384354,0.14092377,0.00010672028,0.0075625363,0.00072662864,0.00058543234,0.0003072738,5.684479e-05,0.00074492395,0.013284778,0.00023012921,0.0064224233
94080,13440,0.008629387,0.9099724,0.07083688,4.468466e-05,0.0030650836,0.0003944884,0.00023740841,0.00018925901,4.8039965e-05,0.00031420027,0.0045952327,0.00013456793,0.0015383934
96320,13440,0.006724705,0.89117867,0.09299704,5.1179548e-05,0.002593698,0.00032130713,0.00023120464,0.00017823649,4.664219e-05,0.00026591346,0.0038011349,0.00013272281,0.0014775641
98560,13440,0.0061915927,0.8403803,0.13522263,7.7771176e-05,0.004395432,0.0005765579,0.00048613944,0.00024023635,5.523229e-05,0.0004472175,0.008096346,0.000267921,0.0035626248
100800,13440,0.006358032,0.87366945,0.10622288,6.313236e-05,0.0035157206,0.00046543273,0.00036653117,0.00021952424,4.6798727e-05,0.0003624365,0.0063528074,0.00014165184,0.0022156269
51520,15680,0.0014068534,0.80016553,0.17350145,0.00012698116,0.00419749,0.0028761062,0.0005300781,0.0010527696,4.958087e-05,0.00024177588,0.012402724,0.00027767525,0.0031709904
53760,15680,0.004241869,0.88405156,0.104146115,5.8601327e-05,0.0017131108,0.00031077268,0.00021724706,0.00017374726,3.3037868e-05,0.00021245734,0.0035127816,0.00014240075,0.0011862747
56000,15680,0.006305792,0.917011,0.06681453,4.106598e-05,0.0030431752,0.0003425177,0.00024557995,0.00016782817,3.839213e-05,0.00031930182,0.0040875,0.00021307726,0.0013702349
58240,15680,0.0046431543,0.9122981,0.07008966,4.492126e-05,0.0035144913,0.00042534003,0.00029861534,0.0002257651,4.4452398e-05,0.00055481703,0.0059888903,0.00016343698,0.0017083498
60480,15680,0.006288282,0.90384454,0.078638524,4.8775488e-05,0.0028897806,0.0003967924,0.00026223387,0.00019469843,4.69946e-05,0.00031802175,0.0054680114,0.00015240067,0.0014509585
62720,15680,0.008020716,0.87100923,0.11274985,5.6482102e-05,0.0023260117,0.00032237623,0.00024505754,0.00018084272,4.3721804e-05,0.00021947929,0.0032065273,0.00019342749,0.0014261423
64960,15680,0.004105285,0.90575635,0.07986892,4.5495577e-05,0.0026424627,0.00038606973,0.00023164418,0.00016764645,4.0581934e-05,0.00033186082,0.004690338,0.00015676848,0.0015764418
67200,15680,0.0058739567,0.8904566,0.09117216,4.8495396e-05,0.0035761383,0.0004552535,0.00030816934,0.0002134516,4.815973e-05,0.000288697,0.0053617912,0.00029863117,0.0018984473
69440,15680,0.0059495587,0.87075645,0.11350027,6.12351e-05,0.0026891374,0.00039475845,0.00022841324,0.00018871816,4.5786626e-05,0.0002116833,0.0043327776,0.0002241588,0.0014170832
71680,15680,0.008015948,0.8759658,0.10634847,5.8958252e-05,0.002611005,0.00034868586,0.00025373267,0.0001930731,4.6924728e-05,0.00023050269,0.004240475,0.00017859356,0.0015079615
73920,15680,0.0062408606,0.8852596,0.09709008,5.5555047e-05,0.00278315,0.000404336,0.00023491778,0.00020676135,4.608676e-05,0.000269953,0.0045551253,0.00022355445,0.0026300047
76160,15680,0.0026005234,0.53027123,0.28560793,0.00032182378,0.008075787,0.0011168019,0.0005037857,0.00041554318,0.0003227092,0.0005394229,0.022730704,0.0012860687,0.14620769
78400,15680,0.0037016494,0.8504502,0.12348617,7.0930684e-05,0.004737088,0.00042727523,0.0006717706,0.00030270006,6.496209e-05,0.00088489644,0.011306557,0.00035148498,0.0035442826
80640,15680,0.008327257,0.88885254,0.09328126,5.1256986e-05,0.002366718,0.00037050815,0.00024937236,0.00019482912,4.7962203e-05,0.000256239,0.004282245,0.00016385992,0.0015559471
82880,15680,0.0067705205,0.8719868,0.11068315,6.28949e-05,0.0027563884,0.00040425986,0.00025605713,0.00021348125,5.177616e-05,0.00024947993,0.004831468,0.00017747216,0.0015562333
85120,15680,0.0051867366,0.9303045,0.053815175,3.4398196e-05,0.003134666,0.00043482275,0.00020992642,0.00016582098,4.1248793e-05,0.00034196026,0.00475733,0.0001655372,0.001407846
87360,15680,0.0043162946,0.83260906,0.14143093,9.070437e-05,0.0059714415,0.00055801944,0.00058663124,0.00030432313,5.15336e-05,0.00053973676,0.009301239,0.00023927043,0.004000737
89600,15680,0.0046091843,0.85284925,0.12752973,7.037499e-05,0.0037861327,0.00043978667,0.0003536229,0.00022165994,4.6643938e-05,0.00046993498,0.007008699,0.000178269,0.0024367648
91840,15680,0.0058695483,0.9120621,0.06932599,4.5700424e-05,0.0034458137,0.00041507802,0.00027103227,0.00018611351,4.7666806e-05,0.0003733923,0.0060058157,0.00015929992,0.0017924764
94080,15680,0.005017313,0.9055179,0.07481649,4.5644938e-05,0.0043443493,0.00047914774,0.0002400174,0.00016800316,4.878007e-05,0.00037655496,0.0067932135,0.00022273579,0.0019298084
96320,15680,0.007584483,0.88835084,0.095488906,5.463046e-05,0.0025081062,0.0003140461,0.00021411243,0.00016736558,4.6845755e-05,0.00021581231,0.0036569394,0.00014468448,0.0012531165
98560,15680,0.004059973,0.8980477,0.089293346,4.86094e-05,0.0022685572,0.0004221988,0.00023150077,0.00016370275,3.691627e-05,0.00024035865,0.0037637702,0.00013669296,0.0012866951
100800,15680,0.0045865206,0.87827665,0.10693387,6.151318e-05,0.0025861652,0.0003877905,0.00027683165,0.00020129715,4.4394856e-05,0.00022928468,0.004832733,0.00014491024,0.0014380825
103040,15680,0.00708647,0.87177086,0.11097485,6.0661176e-05,0.002163635,0.00039602898,0.00026831232,0.00021218817,4.941323e-05,0.00029724403,0.0047549657,0.00013834302,0.0018269868
105280,15680,0.007926111,0.86784357,0.11545498,6.4207095e-05,0.0022709968,0.00034364703,0.00026889576,0.00019083463,4.185805e-05,0.00023093614,0.0035731301,0.00015499663,0.0016359286
107520,15680,0.003999591,0.75422573,0.23266375,0.00011358422,0.0015366656,0.00038593524,0.00029651914,0.00025626447,4.2949487e-05,0.00019298363,0.004520422,0.00012750064,0.0016381128
51520,17920,0.0018862147,0.7980896,0.10166884,0.00011619323,0.0100234635,0.043795276,0.0008357827,0.00755259,0.00012975042,0.0004214982,0.03187296,0.00049757096,0.0031103434
53760,17920,0.0012546642,0.83670884,0.13663825,0.00011785427,0.0040091956,0.0032100272,0.00032972923,0.0012840845,5.4903318e-05,0.0002993226,0.013323675,0.00024186555,0.0025275443
58240,17920,0.0057980074,0.8720275,0.10670145,6.2867606e-05,0.0039053129,0.00039812943,0.00034865565,0.00022394139,5.244946e-05,0.0004879663,0.0075725056,0.00019260672,0.002228574
60480,17920,0.006822343,0.91793644,0.06527163,3.9122122e-05,0.0030010198,0.00038562124,0.00025880733,0.00017340887,4.357011e-05,0.0003405087,0.0040425174,0.00021781358,0.0014671268
62720,17920,0.0073539987,0.9175984,0.06653471,3.7132635e-05,0.0026563164,0.0003484995,0.00022894665,0.00015938179,3.8675073e-05,0.00026114928,0.0033412874,0.00016751546,0.0012739525
64960,17920,0.004871031,0.8825616,0.10415564,5.402049e-05,0.002069373,0.00035791786,0.00023775433,0.00019884166,4.1110852e-05,0.00023582694,0.0038239963,0.00014683016,0.0012460918
67200,17920,0.0059762425,0.92078495,0.059416607,4.1462594e-05,0.0045842724,0.0004210431,0.00027647172,0.00018098445,4.718021e-05,0.00039273952,0.005598393,0.00022417546,0.0020554406
69440,17920,0.009076571,0.91775185,0.064595334,3.8882703e-05,0.0024737082,0.0003871282,0.00020454866,0.00018801363,4.170873e-05,0.00025401055,0.0035472845,0.00019243995,0.0012484078
71680,17920,0.0033437784,0.89658374,0.08462437,5.171465e-05,0.0033337884,0.00059906405,0.00042196643,0.00024633217,4.272479e-05,0.00047692962,0.0074571096,0.0002732321,0.002545283
73920,17920,0.0021792008,0.6454459,0.30772847,0.00022303627,0.0055941925,0.00077075604,0.0007573665,0.0004295801,0.00010385133,0.0004573482,0.018560851,0.0010721809,0.016677277
76160,17920,0.00790328,0.8814472,0.09893465,5.7437595e-05,0.0030969619,0.00037047756,0.00024049498,0.00018178772,5.410309e-05,0.00029043338,0.005058463,0.00016483359,0.0021999013
78400,17920,0.0068943705,0.90840256,0.07535091,4.6143065e-05,0.0026042718,0.00036984961,0.00022059964,0.00020586203,4.5579956e-05,0.00028779823,0.0040978035,0.00016114008,0.0013131485
80640,17920,0.006916864,0.90576327,0.078008525,3.9263236e-05,0.0024199835,0.00032943912,0.00027048006,0.00015625532,4.5576046e-05,0.00027917806,0.0039019731,0.00022404088,0.0016450722
82880,17920,0.005982231,0.9185864,0.06537472,3.8976446e-05,0.0028879019,0.00044439358,0.00021742532,0.00019427786,4.141791e-05,0.00027440087,0.0042221514,0.00018140493,0.0015542652
85120,17920,0.007409164,0.9008731,0.07902421,5.211382e-05,0.0031948548,0.00043626004,0.00025403325,0.00020523366,4.8744387e-05,0.00033600527,0.0061717546,0.00016779493,0.0018266583
87360,17920,0.0039966037,0.8363655,0.14353389,8.0015816e-05,0.0042436225,0.00045617926,0.0005174683,0.0002212447,4.3107866e-05,0.0004171686,0.006940071,0.0002131778,0.002972004
89600,17920,0.004715231,0.890873,0.09262735,5.703669e-05,0.0027927428,0.00043367152,0.00027862555,0.00021711158,4.2728167e-05,0.00031746624,0.00582238,0.00015485694,0.0016677637
91840,17920,0.00538319,0.9171772,0.06170503,4.0898274e-05,0.004317536,0.0005149536,0.00036990835,0.00016651956,4.891168e-05,0.00051330344,0.007154886,0.00020997717,0.0023975812
94080,17920,0.009545063,0.88154495,0.09790474,5.761454e-05,0.003087667,0.0004341933,0.00021102476,0.00020859588,5.0076862e-05,0.00025442577,0.004930924,0.00018079208,0.0015898572
96320,17920,0.005938766,0.89777225,0.08576726,5.0794075e-05,0.0030831238,0.00039178148,0.00021157802,0.00016115083,4.2552503e-05,0.00026747654,0.0046270704,0.0001705789,0.001515659
98560,17920,0.0035328527,0.88203526,0.10464977,5.4526452e-05,0.0025404408,0.0004154017,0.000317358,0.00017994324,3.5179048e-05,0.0002755092,0.0043241866,0.00013369288,0.0015058994
100800,17920,0.0050256727,0.8817127,0.10245193,5.9589594e-05,0.0031237027,0.00039923916,0.000267674,0.00019415027,4.112692e-05,0.0002864704,0.0045724763,0.00015822724,0.0017071877
103040,17920,0.0045241513,0.8861974,0.09779219,5.472214e-05,0.0029775358,0.0004523444,0.00031227214,0.00016593446,4.030815e-05,0.00032870832,0.0046358285,0.00020410908,0.0023143482
105280,17920,0.0057888036,0.90284985,0.08376927,4.2485546e-05,0.0018426497,0.00035178586,0.0002228794,0.00019641279,3.9586652e-05,0.0003068354,0.0031876229,0.00014551364,0.001256273
107520,17920,0.005469333,0.8954899,0.09157546,5.0705738e-05,0.0018516347,0.00029733765,0.00023176213,0.00015508189,3.960523e-05,0.00027812834,0.0032279915,0.00012387919,0.0012093177
109760,17920,0.0030402674,0.71264493,0.27331373,0.00013436412,0.0019304521,0.00042302936,0.00038201906,0.00023498485,4.2493502e-05,0.00021520362,0.0054389476,0.00016489426,0.002034605
53760,20160,0.0017071035,0.8418949,0.10609374,0.00010251925,0.0062890635,0.0151650375,0.0004833205,0.0032990167,8.696928e-05,0.0002919134,0.021206541,0.00032259309,0.0030571963
56000,20160,0.0025506206,0.6993334,0.26048517,0.00020216418,0.009233058,0.0008549948,0.0010931112,0.000568906,8.556718e-05,0.0008119716,0.01677179,0.00066851306,0.0073406887
58240,20160,0.0065158894,0.8815767,0.088257246,6.462103e-05,0.006133669,0.00047064456,0.00044083077,0.00026770268,6.0423456e-05,0.000812181,0.012405434,0.00022166682,0.0027730851
60480,20160,0.0055381646,0.9311327,0.054309964,3.494079e-05,0.0026174823,0.00038765089,0.00019798515,0.00017806578,3.6402664e-05,0.00032644975,0.0041267998,0.00014227735,0.0009710872
62720,20160,0.007440382,0.8993981,0.08297799,4.9102797e-05,0.003078355,0.00035490218,0.00023536975,0.00017146357,4.7878864e-05,0.00024221298,0.00426312,0.00019327393,0.0015478843
64960,20160,0.007401975,0.8821707,0.1004645,5.2746538e-05,0.0025091618,0.00039584227,0.00024626375,0.00023901684,4.9991162e-05,0.0002393679,0.004618577,0.00018245004,0.0014294989
67200,20160,0.0064557223,0.9135103,0.07091908,3.9770846e-05,0.0022823852,0.0003440613,0.00021914304,0.00021148832,4.6131554e-05,0.00027574677,0.0041994327,0.00019480988,0.0013019575
69440,20160,0.005797825,0.9113552,0.0747496,3.7071393e-05,0.002075677,0.00041440898,0.00020359327,0.00018808068,4.3839493e-05,0.00022498635,0.0035458028,0.0001818119,0.0011821626
71680,20160,0.0043681776,0.9053379,0.07896337,4.7587717e-05,0.002435441,0.00042112963,0.00025646898,0.00021748517,4.321558e-05,0.0003443433,0.0057938197,0.00013931215,0.0016316437
73920,20160,0.002243395,0.6924267,0.26895016,0.00017379454,0.005486917,0.0006219063,0.0010532434,0.00036159178,6.9896705e-05,0.00047901444,0.013329251,0.0005885671,0.014215614
76160,20160,0.0073673404,0.9250238,0.05981981,3.3792796e-05,0.0022226085,0.00033881166,0.00020018409,0.0001641234,4.250609e-05,0.00026816118,0.0032274618,0.00015486829,0.0011364501
78400,20160,0.005509933,0.9317089,0.055776916,3.3586264e-05,0.002022439,0.00029936197,0.00015882625,0.00015123356,4.0027302e-05,0.00024277659,0.003018984,0.00013033194,0.0009068175
80640,20160,0.0065793092,0.9191511,0.064117044,3.868388e-05,0.0028065785,0.000346903,0.0002445566,0.00015764618,4.7806683e-05,0.00028651094,0.004580126,0.00016896345,0.0014747442
82880,20160,0.0048934696,0.9024474,0.085011475,4.8047103e-05,0.0020263745,0.00031340535,0.00019376264,0.00016951398,3.8979033e-05,0.00021556967,0.003472555,0.000134449,0.0010350132
85120,20160,0.0057892483,0.9208282,0.06290137,3.9880666e-05,0.0030740276,0.00045432965,0.0002110347,0.00019002245,4.058719e-05,0.00032500064,0.0044870283,0.00018354606,0.0014756867
87360,20160,0.004017933,0.88508236,0.089103855,5.831432e-05,0.0050502038,0.00068823504,0.00044758688,0.00026146206,5.0073242e-05,0.0009632055,0.009791812,0.00027421906,0.0042106733
89600,20160,0.0049338853,0.9042349,0.081465,4.832023e-05,0.0023420192,0.0003925746,0.00023637839,0.0001728494,3.907218e-05,0.0002697866,0.0042522554,0.00013813203,0.0014748592
91840,20160,0.0049522757,0.92574,0.056445844,3.842789e-05,0.0037888933,0.0004939547,0.00025975922,0.00017555598,4.2146417e-05,0.00037391414,0.005855607,0.00018768889,0.0016459388
94080,20160,0.008131699,0.9055903,0.07695104,4.6617923e-05,0.00298161,0.00033942214,0.00025416733,0.00016626516,4.410658e-05,0.00025835115,0.0037152574,0.00015070969,0.0013704384
96320,20160,0.004135365,0.8858111,0.10081959,5.8549536e-05,0.0023066313,0.00035896632,0.00025076215,0.00021269613,4.0067993e-05,0.0002662914,0.0043621897,0.00012693304,0.001250852
98560,20160,0.0037425098,0.85613984,0.12404458,7.2417715e-05,0.0039248387,0.0004780504,0.00043255358,0.00022554687,5.0203493e-05,0.00048105628,0.0077303643,0.00016767919,0.0025104908
100800,20160,0.0043834043,0.84167993,0.14389487,7.1916314e-05,0.002772703,0.00039039878,0.00032485535,0.00021626116,3.996136e-05,0.00024168371,0.0040007005,0.00017011969,0.0018132011
103040,20160,0.003333627,0.8832715,0.09852852,6.5577966e-05,0.004142326,0.00054010714,0.0003584168,0.0002520618,4.3962726e-05,0.00046923637,0.006435191,0.00018300064,0.002376394
105280,20160,0.0030657079,0.8382779,0.14446372,7.71746e-05,0.0037466497,0.00059559266,0.00051892066,0.00027766975,4.426058e-05,0.00057305506,0.006109183,0.0001654619,0.002084719
107520,20160,0.004682692,0.85020906,0.1362552,6.9008405e-05,0.0019412374,0.0003670231,0.00024637487,0.00018601217,3.8142352e-05,0.00023008508,0.0041228035,0.00014780823,0.0015045098
109760,20160,0.0046867863,0.865424,0.11665349,6.721229e-05,0.0032035147,0.0003517792,0.00051340257,0.00024450137,4.5756587e-05,0.0007397793,0.0057653124,0.00011877402,0.002185644
53760,22400,0.0014283948,0.8181589,0.1188574,0.00012770755,0.0076294253,0.019300843,0.0005639092,0.004060936,9.227882e-05,0.0002830642,0.025228355,0.00037491656,0.0038939656
60480,22400,0.00385217,0.866176,0.11103181,7.288175e-05,0.004612854,0.00054570864,0.00029429977,0.0002532111,5.4429493e-05,0.0004486202,0.009930937,0.00020699228,0.0025200609
62720,22400,0.0042398283,0.8190628,0.14632665,9.792255e-05,0.006607365,0.00064920395,0.0006813839,0.000376215,7.029318e-05,0.0007062257,0.015621282,0.00029551834,0.005265204
64960,22400,0.0036678093,0.72700685,0.22656327,0.00014678254,0.008935343,0.0007503306,0.0014834516,0.0004484896,8.6580716e-05,0.00074844144,0.022278707,0.00043776768,0.0074461214
67200,22400,0.006197359,0.87946886,0.09752039,6.131068e-05,0.0036271845,0.0004944199,0.0003680666,0.0002508132,5.640755e-05,0.00041860624,0.008841539,0.00018242143,0.0025126187
69440,22400,0.0032318302,0.90732807,0.07611651,4.4306253e-05,0.0034979656,0.00046318627,0.00028928914,0.00020015992,4.5265722e-05,0.00048898614,0.0065851444,0.00015522959,0.0015541838
71680,22400,0.0033449268,0.703933,0.25448152,0.0001672433,0.0065911547,0.000610773,0.001159676,0.0004639476,7.0875e-05,0.0007653332,0.019622155,0.00041848904,0.008370979
76160,22400,0.0076653375,0.90811324,0.07354746,4.773127e-05,0.0028126093,0.00034529183,0.00022089943,0.00019553273,4.9254788e-05,0.0003048495,0.0051051173,0.00015535236,0.0014372837
78400,22400,0.0048362105,0.90597105,0.07124524,4.635988e-05,0.004188167,0.0005225955,0.00033872554,0.00022582231,5.675107e-05,0.00047185452,0.0087461835,0.0002983764,0.0030526307
80640,22400,0.0062585287,0.9240051,0.06063223,3.4826167e-05,0.002738696,0.0003613047,0.0002225819,0.00015884472,4.1405718e-05,0.00029086467,0.0038145208,0.0001533142,0.0012878049
82880,22400,0.0066370447,0.9029411,0.08065803,4.9809812e-05,0.0026401696,0.00036751505,0.00023956802,0.00021894193,4.4551103e-05,0.00024768006,0.0041943034,0.00016229565,0.0015989473
85120,22400,0.0063438285,0.894532,0.08686898,4.655274e-05,0.0029813978,0.000412451,0.0003468495,0.0002106247,4.896248e-05,0.00042330945,0.0057977643,0.00017466428,0.0018125841
87360,22400,0.004254674,0.8114312,0.15718481,9.8100805e-05,0.005655906,0.0006616411,0.0006186324,0.00032859892,6.211368e-05,0.00052594533,0.0118376305,0.00038891274,0.00695182
89600,22400,0.007229859,0.8938786,0.08620472,5.6514764e-05,0.003068782,0.00043767437,0.00027644663,0.00020898893,4.4915367e-05,0.0003266013,0.0060881227,0.00017200867,0.0020067664
91840,22400,0.0066233273,0.8967902,0.08506177,5.2172545e-05,0.003150994,0.00037665284,0.00027915445,0.00018885908,4.727952e-05,0.00032230932,0.005196404,0.00016741356,0.0017434207
94080,22400,0.005297837,0.9031464,0.082927495,4.4973393e-05,0.002478251,0.00037332662,0.00022151569,0.00015469582,3.6789937e-05,0.000242771,0.0035583873,0.00015377386,0.0013637649
96320,22400,0.0037274826,0.86179763,0.124569066,6.536064e-05,0.0024433003,0.0003336368,0.0002372638,0.00018204279,4.4641893e-05,0.00022641034,0.004623458,0.00015948896,0.0015901059
98560,22400,0.0033266393,0.8990771,0.08684287,4.868643e-05,0.0031743422,0.00045620336,0.00024359376,0.0001909677,3.751322e-05,0.00034823205,0.004521704,0.00019970763,0.0015325514
100800,22400,0.0028539256,0.85156995,0.13539344,7.181093e-05,0.0024359862,0.00037511875,0.00030881743,0.00021638873,3.7515612e-05,0.00032362278,0.004707525,0.00013375678,0.0015721266
103040,22400,0.0044181664,0.87979263,0.10488342,5.420017e-05,0.0028619221,0.00045340668,0.00031002634,0.0002251077,3.9116585e-05,0.00036943858,0.0045323228,0.00016969528,0.0018905302
105280,22400,0.0047345753,0.85245126,0.13196218,6.4900065e-05,0.002540319,0.00038936178,0.0003172945,0.00022473579,4.674541e-05,0.00035445875,0.004909805,0.00012962341,0.0018746433
109760,22400,0.0025881769,0.83469605,0.15381023,7.747909e-05,0.001701198,0.0004095079,0.00030522185,0.00021321379,3.1884174e-05,0.00027331564,0.004499484,0.00012801484,0.0012660986
112000,22400,0.0036837938,0.8633065,0.11585146,6.593979e-05,0.0040367143,0.00055907434,0.00038265012,0.00023818543,5.1381343e-05,0.0005364184,0.008097521,0.00024215285,0.0029482676
53760,24640,0.0013947258,0.79488605,0.14350766,0.00012044444,0.0066068964,0.014577879,0.00051854434,0.0027544606,0.00010679572,0.00030779262,0.031198872,0.0003113906,0.003708427
76160,24640,0.002856569,0.74607474,0.21741755,0.0001342937,0.0071080537,0.0006105054,0.000937772,0.00046600954,8.678834e-05,0.00067117915,0.016352598,0.0005814424,0.0067024976
78400,24640,0.0049822223,0.9207497,0.06445836,3.6168727e-05,0.0028028702,0.000386554,0.00028570986,0.00019431429,3.8750793e-05,0.00035809394,0.0041746954,0.00015627743,0.0013762917
80640,24640,0.006728924,0.91849375,0.06358752,3.5704543e-05,0.0032999301,0.00036830027,0.00030040144,0.00016194706,4.72425e-05,0.00040885663,0.0046907905,0.000172006,0.0017045921
82880,24640,0.00746325,0.91959286,0.061463237,3.6933012e-05,0.0034103552,0.0003797278,0.0002704716,0.00020603254,5.2459014e-05,0.00039701865,0.005051696,0.00016411941,0.0015118085
85120,24640,0.007117308,0.9082572,0.073841386,4.267891e-05,0.00281669,0.00040215222,0.00027193394,0.00020374643,4.5554156e-05,0.00034190746,0.0050454545,0.00016083551,0.0014532036
87360,24640,0.0054931417,0.9000019,0.08154547,4.98457e-05,0.0033811862,0.00042251043,0.00030127473,0.00021586812,4.824691e-05,0.0003983382,0.0059880707,0.00017621281,0.0019779203
89600,24640,0.0063613644,0.9084027,0.0731551,4.1656825e-05,0.0034372602,0.00036335792,0.00038571501,0.00017009629,4.1546486e-05,0.00044800687,0.0049725915,0.00020094488,0.0020198163
91840,24640,0.007191581,0.8973438,0.085771315,4.7499707e-05,0.0027891381,0.0003444093,0.00025741087,0.00017269656,4.2182983e-05,0.00025471539,0.003924626,0.00017302214,0.0016875559
94080,24640,0.0054717464,0.91403747,0.06972883,4.239612e-05,0.0032004074,0.0004696749,0.00025017114,0.00017650989,3.7790873e-05,0.0003097622,0.0044303294,0.00017473838,0.0016702341
96320,24640,0.0049496014,0.9195097,0.06499361,4.051663e-05,0.0033935355,0.0003921339,0.00022196825,0.00015841977,4.2098978e-05,0.0003391298,0.004134287,0.00017869973,0.0016463668
98560,24640,0.0035662532,0.8950243,0.089517474,4.7493595e-05,0.003638017,0.00039496383,0.00030475965,0.00016790573,4.4751272e-05,0.00038984005,0.0046033934,0.00022260533,0.0020781783
100800,24640,0.00262858,0.90793586,0.074535996,4.7994472e-05,0.004032932,0.0006164188,0.000219682,0.00022690483,5.127626e-05,0.00044667706,0.0067271786,0.0002865639,0.0022440092
103040,24640,0.00512939,0.8924342,0.09165814,5.1588588e-05,0.0029217799,0.00040569133,0.00026971364,0.00018018398,3.8854043e-05,0.00040063728,0.0045859166,0.0001787441,0.0017451819
105280,24640,0.003756532,0.8861021,0.10134041,5.1398416e-05,0.0021782222,0.00045779205,0.0002153689,0.00020886556,3.825581e-05,0.0002679001,0.003958442,0.00015885351,0.0012658548
107520,24640,0.003808004,0.89145905,0.09270153,5.488512e-05,0.0031832925,0.00038517488,0.00033544854,0.00020825396,4.033904e-05,0.0005209068,0.0052787056,0.0001266109,0.0018978545
109760,24640,0.004060466,0.8602276,0.1179493,7.475946e-05,0.0050053606,0.0004225888,0.00056295004,0.00027753366,5.3099066e-05,0.00087846356,0.007574898,0.00017596065,0.0027371026
67200,26880,0.0016765071,0.7645455,0.19630648,0.0001176683,0.007477645,0.0009974411,0.00081392925,0.0006476894,0.00028367215,0.0018962605,0.017850785,0.0019601427,0.0054262057
69440,26880,0.0014392108,0.7263895,0.23823312,0.00013564674,0.007393192,0.0007912147,0.0011227961,0.0004929939,0.00016795097,0.0015653956,0.014585241,0.0019953407,0.0056882827
76160,26880,0.0015908979,0.7940386,0.1644899,9.5587784e-05,0.009460697,0.0013290625,0.0008480567,0.00069724914,0.0005155387,0.002114129,0.016110081,0.0023560612,0.006354184
78400,26880,0.0016653974,0.6574155,0.29043385,0.00024454566,0.010798941,0.000937468,0.0008059284,0.00076593785,0.00013964044,0.0007781109,0.021696387,0.0014426471,0.012875601
80640,26880,0.0023343102,0.6230066,0.3049779,0.00026389357,0.007875518,0.0008825938,0.0009313767,0.00054344855,0.000107948734,0.00061427255,0.027443051,0.00083027856,0.030188855
82880,26880,0.0027895,0.645717,0.30969864,0.00022800511,0.008368137,0.00056623697,0.0010624469,0.000488815,8.800698e-05,0.00047286696,0.015942805,0.0007400665,0.013837455
85120,26880,0.003425369,0.81953055,0.14940186,9.2398004e-05,0.005890187,0.0006273343,0.00072313,0.00038716345,6.565303e-05,0.00075829716,0.014440831,0.00034487335,0.0043123686
87360,26880,0.0028668568,0.88774043,0.09499972,6.057755e-05,0.003765434,0.0005513677,0.00036329724,0.00027879735,3.662865e-05,0.0005373053,0.0065204385,0.00022823825,0.002050894
89600,26880,0.0050889477,0.8887679,0.094848156,5.5785313e-05,0.0031223763,0.00032345313,0.00029789773,0.00018580197,3.9047107e-05,0.00038336718,0.004938868,0.00020530229,0.00174313
91840,26880,0.0043277266,0.89642483,0.08690654,4.931627e-05,0.003263429,0.0004005853,0.00029394988,0.00020883325,4.788895e-05,0.0004503966,0.00595265,0.00018459128,0.0014892707
94080,26880,0.0057941405,0.8983903,0.080755636,5.1069608e-05,0.0037876612,0.0004563651,0.0003282097,0.00020632935,5.141398e-05,0.00046393563,0.0070601925,0.00022389644,0.0024308942
96320,26880,0.0041890517,0.9035612,0.07548837,5.281208e-05,0.0045781625,0.0005894105,0.00026704566,0.00022218161,4.8854923e-05,0.0005356908,0.008004508,0.00022573082,0.0022369784
98560,26880,0.004465445,0.89422125,0.08919129,4.977878e-05,0.003184949,0.00039173223,0.00031797198,0.00016492573,5.0412844e-05,0.00042502384,0.0055983835,0.00018610456,0.0017527397
100800,26880,0.0039115883,0.8786461,0.09601968,6.0960487e-05,0.0056080413,0.0005300667,0.00037034153,0.00023231952,6.109569e-05,0.00053027377,0.009745324,0.00038828398,0.003895883
103040,26880,0.004476599,0.9022434,0.08347933,4.71797e-05,0.0031017147,0.00038597523,0.00021426898,0.00015444802,3.8585247e-05,0.00026276155,0.0037550838,0.00021691713,0.001623784
105280,26880,0.0048746164,0.8660722,0.11869223,6.380706e-05,0.0026053675,0.00038963134,0.00025387804,0.0002355061,4.532217e-05,0.0002751505,0.0047639078,0.00016539641,0.001563022
44800,29120,0.0016737329,0.84414387,0.108636856,9.097528e-05,0.006280543,0.010226925,0.00065685867,0.0033264258,8.0648686e-05,0.0002983585,0.02089297,0.00032207152,0.003369752
47040,29120,0.0018566332,0.82770747,0.09950704,0.000110596506,0.0078972485,0.023669625,0.000535548,0.0049111857,0.000112362686,0.00032697956,0.029744785,0.0003259377,0.0032945613
49280,29120,0.0012482309,0.83540416,0.11598685,0.00011499422,0.006695264,0.008788786,0.00047342994,0.002030422,8.2035214e-05,0.0002725821,0.024837386,0.00030365208,0.003762186
51520,29120,0.0011966738,0.8032966,0.16749397,0.0001270489,0.00412548,0.0010922545,0.00038550398,0.0007157571,0.00012248389,0.00027872404,0.016030135,0.0007653711,0.0043699723
58240,29120,0.0030283509,0.73522747,0.18358952,0.00017065798,0.017930053,0.001155566,0.00035843012,0.0011823749,0.0011945915,0.000993306,0.03683052,0.0028606982,0.015478481
60480,29120,0.0021557924,0.8198025,0.1157123,9.827802e-05,0.0115023805,0.0011931537,0.0004388293,0.0010239681,0.0020155255,0.002511633,0.032267544,0.004320474,0.006957607
62720,29120,0.0020140875,0.84386367,0.11882401,7.172111e-05,0.007680458,0.0008187353,0.00042833906,0.00069833064,0.0010106021,0.0019461638,0.01453823,0.0034271993,0.0046784193
64960,29120,0.0015729842,0.7918342,0.16635679,0.000101010795,0.006888723,0.00086438475,0.00089695887,0.0006364963,0.00047130563,0.0023386646,0.019199686,0.0024842164,0.0063545583
67200,29120,0.0018362676,0.79095083,0.17177653,9.9794255e-05,0.0061020986,0.00069604965,0.00080113293,0.0007042662,0.0004735293,0.0025354684,0.016695967,0.002322943,0.0050052144
69440,29120,0.0016402911,0.80436504,0.15334836,9.296351e-05,0.008276319,0.0009262224,0.00065268273,0.0006222742,0.0007523057,0.002774878,0.017185576,0.0038445848,0.0055184746
71680,29120,0.0023040727,0.58779913,0.37161195,0.00025739725,0.005758902,0.00066927914,0.00102551,0.00061147206,0.00011680999,0.00055339816,0.014223379,0.0015065741,0.013562124
73920,29120,0.0016005341,0.6529653,0.3094066,0.00019556617,0.006340071,0.0006943759,0.00047204708,0.00048614352,0.00021447284,0.00049402384,0.01507547,0.0017666736,0.010288665
76160,29120,0.0013674007,0.80483186,0.14984715,9.336354e-05,0.012757937,0.00114423,0.0009872136,0.0008156141,0.00064402353,0.0035625563,0.01580708,0.0032537563,0.00488785
78400,29120,0.0014823654,0.7943283,0.17466004,0.00010516809,0.0058201067,0.00092328637,0.0013609754,0.0006011957,0.00019128938,0.0018079052,0.012110886,0.0021596476,0.004448833
80640,29120,0.0013108305,0.74437255,0.22603557,0.00012038478,0.0054908074,0.00066276296,0.0009972557,0.0005119023,0.0001930516,0.0016807616,0.012397409,0.0016640843,0.0045626312
82880,29120,0.0014369484,0.7078246,0.26123145,0.00013928105,0.005361422,0.0007394174,0.0008675421,0.00058151054,0.00021105856,0.0011359379,0.013618485,0.0018499147,0.0050024944
85120,29120,0.0019057407,0.7187237,0.24391603,0.00014445321,0.006705297,0.0010153705,0.0006317618,0.0007360255,0.0003580815,0.0013954482,0.016117474,0.0020612015,0.0062893704
87360,29120,0.0024147916,0.63123775,0.32205683,0.0002682357,0.009906156,0.0007276197,0.0010509627,0.0005759092,9.286869e-05,0.0006745004,0.017362688,0.0008696202,0.012762155
91840,29120,0.0027042348,0.84872,0.12140082,9.082938e-05,0.0054735956,0.00064461486,0.00054504443,0.00036304598,5.8832746e-05,0.0010585618,0.013883635,0.0002989706,0.0047578285
94080,29120,0.005601565,0.88719237,0.09377675,5.5640936e-05,0.0032888944,0.0004375964,0.0003204097,0.00023675704,4.6847526e-05,0.00043090212,0.006650041,0.00017221748,0.0017899855
96320,29120,0.004117251,0.9167081,0.06571283,3.962736e-05,0.0034209222,0.0004633838,0.00029559713,0.00018538808,4.5005887e-05,0.0006170301,0.0062218164,0.00020833606,0.001964757
98560,29120,0.004885508,0.9255094,0.063504085,3.1646832e-05,0.0020060032,0.00029726286,0.00016030898,0.00014461912,3.7970258e-05,0.0002467634,0.002146085,0.00016260927,0.00086777343
100800,29120,0.0029375106,0.89859164,0.08831248,5.1589668e-05,0.0026082336,0.00044360798,0.00032515696,0.00021704199,3.7208287e-05,0.00038933827,0.0044860323,0.00013155464,0.0014685481
49280,31360,0.0029128615,0.691096,0.20994139,0.00024237296,0.01774308,0.0013687903,0.00047214865,0.0012743857,0.0016753649,0.001225605,0.04562071,0.0024065601,0.024020558
51520,31360,0.0028091474,0.7658284,0.12385526,0.00012511422,0.021588359,0.0020999801,0.00057496096,0.0017540369,0.005270324,0.0030579835,0.054100297,0.0040569864,0.01487922
53760,31360,0.0037181112,0.7822388,0.11742014,0.00013429594,0.017993536,0.0018097787,0.00038421724,0.0018747625,0.0038060185,0.0019533061,0.045717202,0.0033567937,0.019593062
56000,31360,0.0023312622,0.7581212,0.16983774,0.00012081766,0.013448493,0.0012586789,0.0004627317,0.0010289067,0.0019239123,0.0019243704,0.03677,0.0048109624,0.007960946
58240,31360,0.0032998556,0.8321077,0.10782242,9.482155e-05,0.014011353,0.001111302,0.0004269809,0.0011897803,0.0017354045,0.0019264442,0.02382036,0.0036612323,0.008792305
60480,31360,0.0020112519,0.826128,0.11852964,0.00010288135,0.01112992,0.0013081874,0.0004527721,0.0011583319,0.0019044807,0.0022641218,0.02292912,0.0041505974,0.007930711
62720,31360,0.0023433391,0.7796064,0.18136641,0.000111397,0.007935647,0.00092139124,0.00060779386,0.0006601392,0.000580964,0.00078078307,0.012945628,0.0026767796,0.009463369
76160,31360,0.0015074745,0.79575187,0.1670483,0.00010598227,0.012168218,0.0011622505,0.0007249819,0.00084128627,0.00056665856,0.0010067476,0.00799351,0.0046107713,0.0065119946
78400,31360,0.0017363135,0.78528285,0.17128167,0.000107253254,0.010753891,0.0010884106,0.0006942112,0.0009434153,0.0009538706,0.0018421652,0.0137807755,0.003616518,0.007918612
80640,31360,0.0014041814,0.7669697,0.19431312,0.00011338859,0.007846633,0.0009187696,0.0011211114,0.00065548386,0.000375813,0.002801994,0.014556017,0.002740884,0.0061829896
82880,31360,0.001593206,0.7841493,0.17468178,0.0001183347,0.009178201,0.0008698095,0.0009734759,0.00066308636,0.00031016007,0.0019325865,0.016060267,0.0023960925,0.0070737144
85120,31360,0.002035374,0.807259,0.15769961,9.3823975e-05,0.007220241,0.00076912215,0.0011453058,0.0005470009,0.00034212216,0.0019869376,0.012163782,0.0025998207,0.006137912
87360,31360,0.00194853,0.7273886,0.23955217,0.00014439138,0.0071933335,0.00055303646,0.0007743786,0.00058929407,0.00021219238,0.0010892194,0.012100176,0.001619526,0.006835145
89600,31360,0.0021787127,0.6678398,0.27828398,0.00021219855,0.009249172,0.0010434226,0.00072545157,0.00073301524,0.00021954624,0.0008529289,0.01987836,0.00215829,0.016625093
91840,31360,0.0021409325,0.59806997,0.36584416,0.00025387094,0.006130588,0.000487389,0.0010287178,0.0005463005,0.00011391478,0.00048107695,0.014493169,0.0014398408,0.00897001
94080,31360,0.002357886,0.6947705,0.26685306,0.00019224542,0.008305514,0.0006459692,0.0013975016,0.000729552,7.359053e-05,0.0010829665,0.018469526,0.0005130653,0.004608657
96320,31360,0.0043872795,0.8546341,0.12344557,7.575047e-05,0.003956494,0.00041469253,0.00036757576,0.00027792846,5.5872042e-05,0.0005797749,0.008508785,0.00022176994,0.0030744988
98560,31360,0.0028971452,0.91196895,0.07595819,3.785805e-05,0.0025711467,0.00045182972,0.00028820493,0.00018292342,3.8967853e-05,0.0003504409,0.0033095682,0.00028785854,0.0016568772
100800,31360,0.0015108538,0.8468929,0.13755785,6.7738365e-05,0.0030758048,0.00058938423,0.00048804967,0.00043599107,6.54463e-05,0.000559146,0.0063095256,0.00053512794,0.0019122163
103040,31360,0.0015507892,0.8338922,0.1298608,0.0001153584,0.0034378557,0.0073540346,0.00040934866,0.0030462898,6.612565e-05,0.0002470576,0.017585518,0.00024388233,0.0021907198
105280,31360,0.0013149282,0.83064663,0.13660009,0.000108027634,0.004562,0.0060555316,0.00051605434,0.0020868916,5.762358e-05,0.00028607008,0.014329746,0.00019409532,0.0032423623
40320,33600,0.0034483115,0.6747157,0.095700644,0.0002349569,0.057800457,0.0026760483,0.0003708958,0.00231492,0.014889618,0.0032781095,0.11253146,0.004187739,0.027851207
42560,33600,0.0027413692,0.69912153,0.09733619,0.00018339574,0.055819094,0.002525411,0.00043170422,0.0022523077,0.01375823,0.003635437,0.10169521,0.00726189,0.013238263
44800,33600,0.0043558707,0.7458415,0.12339544,0.00016307586,0.026429886,0.0014687892,0.0003866492,0.0016526288,0.0069336826,0.002399416,0.0656308,0.0045062434,0.016835991
47040,33600,0.0028701958,0.7124758,0.15243398,0.0001748344,0.025045553,0.0019261921,0.00054822734,0.0017887867,0.004969895,0.0027028956,0.074885085,0.004120932,0.016057588
49280,33600,0.0025817866,0.75590295,0.13934226,0.00014215874,0.01795348,0.0018425478,0.00047350294,0.0015977,0.0043235486,0.0022189852,0.053946473,0.0055448455,0.014129717
51520,33600,0.001840584,0.8193639,0.13598974,0.00011157936,0.009744808,0.00064903643,0.00036042245,0.0006568089,0.0023006084,0.00095278834,0.013737612,0.008124887,0.006167181
85120,33600,0.0032054482,0.76774025,0.19346894,0.00011647896,0.008383618,0.0005755244,0.0005586732,0.0007505487,0.0006403927,0.0008578841,0.011142418,0.002089787,0.010470023
87360,33600,0.0018532256,0.8245251,0.14040154,8.861068e-05,0.0070400913,0.0007721641,0.0006594951,0.00057409244,0.0005618136,0.0018999384,0.013168638,0.0022091004,0.006246211
89600,33600,0.0016968491,0.8062589,0.15720233,9.69698e-05,0.0078742,0.00089057034,0.00078467565,0.00072236435,0.0006760383,0.0022787668,0.0116553735,0.0030699824,0.006792907
91840,33600,0.0023987168,0.7545174,0.20233265,0.00012439555,0.007179606,0.00094650534,0.00057444104,0.00075566914,0.0005316801,0.0013600021,0.01575129,0.0017970322,0.011730595
98560,33600,0.0023646394,0.6856411,0.24891101,0.00021535094,0.010184654,0.00114742,0.0010872477,0.0006328254,9.6865515e-05,0.0006206136,0.01949268,0.0007446113,0.028861014
100800,33600,0.0016492213,0.8035537,0.14015932,0.00015041966,0.005636059,0.014706487,0.0003998175,0.004880904,9.45961e-05,0.00026505528,0.025219386,0.00029350177,0.0029914922
35840,35840,0.0029486031,0.7452628,0.08154261,0.00014640126,0.03373407,0.0029436734,0.00046336945,0.0026004214,0.0149718,0.006266274,0.08589896,0.0046674595,0.0185535
38080,35840,0.0030418667,0.7128173,0.0919361,0.00018667842,0.041679163,0.0030250014,0.00045170626,0.0025494876,0.014931558,0.00473951,0.10123199,0.006731142,0.016678499
40320,35840,0.0029164401,0.7679072,0.08938746,0.00013807743,0.024584888,0.0026176455,0.00042177574,0.0023497439,0.012844084,0.004306217,0.07327131,0.0072579184,0.011997281
42560,35840,0.0018177634,0.82511604,0.11440153,0.000118322096,0.013262523,0.00087841175,0.00033894044,0.0009889693,0.0030744188,0.0012382466,0.02493937,0.0076842695,0.0061412975
44800,35840,0.0023134921,0.78008175,0.16559343,0.0001369884,0.009860461,0.0009787786,0.00059986504,0.0010759537,0.0015077017,0.0010729632,0.023936806,0.004461453,0.0083803795
89600,35840,0.0025165556,0.8094156,0.13851294,0.0001052448,0.011294636,0.0011112214,0.0007269569,0.0010594236,0.0012500747,0.0024219812,0.015174631,0.0027789795,0.01363182
91840,35840,0.0024782377,0.8451749,0.104667515,8.0532474e-05,0.011207639,0.0012398675,0.0004996652,0.0008948975,0.0013418753,0.0022734192,0.018006008,0.0029250109,0.009210444
94080,35840,0.0031505025,0.7528636,0.19632496,0.00017368908,0.010892228,0.00078300986,0.00031526122,0.0010497089,0.00065832655,0.0007491489,0.014998171,0.0017227301,0.01631863
98560,35840,0.0010437398,0.8067643,0.1548645,0.00014559655,0.005761372,0.00431618,0.0005455319,0.0016448803,7.4667376e-05,0.00031043804,0.021068508,0.00029432465,0.0031660122
100800,35840,0.0011264979,0.8194372,0.13759893,0.00012523602,0.0056609493,0.0074864198,0.00062904804,0.0025802248,6.5303124e-05,0.00036893858,0.021786038,0.00042794316,0.0027071526
103040,35840,0.0013859974,0.81934154,0.10845569,0.00010004871,0.0059928927,0.02804825,0.00051798223,0.008779209,0.00011540239,0.000336798,0.023284547,0.0004164063,0.0032252925
105280,35840,0.0012415701,0.808257,0.14030205,0.00012103935,0.005005031,0.014515281,0.00041201114,0.0049031866,0.00010092118,0.0002878329,0.021464022,0.00030207407,0.0030880524
107520,35840,0.001537754,0.80855167,0.13511786,0.00011851888,0.006986332,0.0126496665,0.00077533466,0.0048862128,8.535114e-05,0.00031860205,0.024338879,0.0003513538,0.00428248
109760,35840,0.0016231186,0.80209714,0.12681481,0.00013691054,0.0077017625,0.021398528,0.00048184954,0.005140363,0.00010823268,0.0002878601,0.030004203,0.00031703137,0.0038881544
112000,35840,0.0016156937,0.7755471,0.12589851,0.00013127988,0.011367061,0.034884278,0.0006694926,0.005996911,0.00013814615,0.00038447027,0.039417103,0.0004250375,0.0035249698
33600,38080,0.0033503135,0.6182219,0.08509553,0.00020822647,0.043672707,0.0041528377,0.00058334094,0.0037048694,0.033008665,0.0069598397,0.170954,0.0065558553,0.02353198
35840,38080,0.0027129757,0.774508,0.10289929,0.00012160562,0.025862101,0.0023321554,0.00089013774,0.0025820613,0.0042124046,0.0059896843,0.052079957,0.0073890183,0.018420527
91840,38080,0.0026232153,0.82287395,0.14056651,8.51052e-05,0.007946527,0.0006549798,0.00051618257,0.00064593746,0.0009108961,0.0010146983,0.012630311,0.002079113,0.0074525694
94080,38080,0.0044199387,0.7769573,0.14768273,0.00011523481,0.018732939,0.0010804512,0.00046282762,0.0014580117,0.0022978126,0.0021916507,0.02418438,0.002509471,0.0179073
98560,38080,0.0020375142,0.7582199,0.21206455,0.00012055299,0.006624496,0.0005642583,0.00093623134,0.0006137025,0.0001471365,0.0004188787,0.010729254,0.0009199706,0.0066035045
100800,38080,0.0012793769,0.7550067,0.19582322,0.00017516433,0.0063899434,0.0084878085,0.0004507729,0.003573649,9.277268e-05,0.00022370896,0.024730679,0.0003027238,0.0034634848
103040,38080,0.0015750496,0.8041507,0.14729768,0.00011992268,0.006096813,0.010648044,0.00051752897,0.004278119,9.2165814e-05,0.00026748533,0.020808391,0.00032709292,0.0038210142
105280,38080,0.0011907396,0.74273896,0.22972703,0.00017180819,0.0043476573,0.0018296937,0.00054882775,0.0011665906,5.3031312e-05,0.00027450966,0.0148340035,0.00020569572,0.0029114948
114240,38080,0.0012012528,0.71705085,0.23436946,0.0002145511,0.0075076516,0.0030755806,0.00058635126,0.001974129,9.088062e-05,0.00030610262,0.03026093,0.00024351479,0.0031187688
116480,38080,0.0015375613,0.75736946,0.17359285,0.00017307019,0.010094152,0.008972305,0.00073244696,0.0036675776,9.8275945e-05,0.00035550699,0.03928188,0.00026921125,0.0038556831
24640,40320,0.0013354744,0.75313663,0.20842247,0.00015862487,0.0071910964,0.0020720046,0.0006453491,0.002046634,7.9650155e-05,0.00038490287,0.022001324,0.00037925545,0.0021466345
31360,40320,0.0030273404,0.69284254,0.087702714,0.0002072877,0.051449753,0.0035612986,0.00036730795,0.0034391244,0.014962698,0.0030468316,0.096502,0.0043072524,0.03858376
33600,40320,0.0028788932,0.7885129,0.067709535,0.00010470694,0.039519604,0.0024218676,0.0005851479,0.00280477,0.010355618,0.008764659,0.048620168,0.009279264,0.01844289
94080,40320,0.0020300532,0.75069195,0.21101904,0.00013604765,0.008836986,0.00053438207,0.00074691453,0.0005197568,0.0003900372,0.0006804585,0.013370947,0.0020012066,0.009042185
96320,40320,0.0037454432,0.8227526,0.11331954,0.000100958714,0.016370384,0.00095387234,0.0004481574,0.0011642302,0.0026567872,0.0018221247,0.01973161,0.0030241292,0.013910218
98560,40320,0.0028508974,0.79034364,0.14717047,0.00015481497,0.01815256,0.00071692024,0.000607137,0.0009116053,0.0004472209,0.0007714895,0.016624408,0.0024584767,0.018790334
100800,40320,0.0028885438,0.7831113,0.16746116,0.00015453107,0.01583695,0.0007744638,0.0007410707,0.0010520446,0.0003402919,0.00052738027,0.015082932,0.002028072,0.010001346
103040,40320,0.0026800027,0.69669354,0.2598559,0.0002088338,0.011374739,0.0007047042,0.0011017343,0.00084160623,0.00016727604,0.00041841372,0.016163068,0.0008473755,0.008942788
123200,40320,0.0015891002,0.76653683,0.18697256,0.00014636385,0.005951005,0.005215237,0.00062179874,0.002587121,8.466892e-05,0.000328236,0.02534952,0.00037958176,0.004237994
31360,42560,0.0029882672,0.7032542,0.071698755,0.00017008894,0.051220343,0.003979228,0.00056790747,0.0050936714,0.030472273,0.0063383034,0.09447256,0.0075526848,0.022191655
98560,42560,0.007084006,0.76324785,0.08208647,0.00013099817,0.046427768,0.0016116656,0.00050065346,0.0019170404,0.027430972,0.002509523,0.030009102,0.0048166136,0.0322274
100800,42560,0.004473206,0.75907165,0.1236001,0.00014502292,0.029852461,0.0016002982,0.0004486604,0.0019109839,0.0072534494,0.0019240873,0.04047019,0.00392285,0.02532706
123200,42560,0.0027587092,0.82891816,0.1354831,0.000102321705,0.004681155,0.0050040837,0.00047038033,0.0015847179,7.528428e-05,0.0002668146,0.017288862,0.0001987705,0.003167674
26880,44800,0.0036863172,0.6993523,0.08791933,0.00017979437,0.04920227,0.0030950368,0.00046327474,0.0031298872,0.028416773,0.0037081954,0.08803924,0.00451978,0.02828786
29120,44800,0.003957815,0.7169894,0.079653785,0.00013746718,0.041742403,0.0030051405,0.0005952741,0.0034347172,0.018684343,0.0041744793,0.099653706,0.004549161,0.023422368
98560,44800,0.0033090387,0.7034155,0.23923728,0.0001948658,0.008585568,0.0006868342,0.0007978418,0.0005654504,0.00023906626,0.0003352284,0.013156548,0.0018844007,0.027592298
100800,44800,0.0033389921,0.7787652,0.16722046,0.00012986222,0.012709349,0.0006699228,0.0005235804,0.0009386317,0.0010639003,0.0009711731,0.01565414,0.0038100497,0.014204831
103040,44800,0.0046822815,0.7353868,0.09642216,0.0001377805,0.037461024,0.001957051,0.0004562507,0.002843571,0.02097421,0.0055161873,0.0645764,0.008352481,0.021233743
105280,44800,0.004618483,0.7732387,0.12005718,0.00012564531,0.022187278,0.0015221916,0.00035788803,0.001570642,0.007051371,0.0033414185,0.045248557,0.0040434063,0.0166372
26880,47040,0.0028267023,0.80477357,0.058470596,9.651205e-05,0.03320622,0.0017541621,0.00057255523,0.0014768484,0.01874149,0.0057770964,0.049018428,0.011078001,0.012207791
105280,47040,0.0027242068,0.77343583,0.17867537,0.000121386794,0.008985451,0.00069178635,0.00043601193,0.00077595405,0.0013033471,0.0007513639,0.019561518,0.0044291844,0.008108556
107520,47040,0.0068259803,0.7557401,0.113983735,0.00014211077,0.036191512,0.0015893803,0.00036812847,0.0023692315,0.007580351,0.0027979936,0.036970787,0.0046378495,0.030802878
109760,47040,0.0054916544,0.7182825,0.09524965,0.00015343641,0.038982034,0.0021965443,0.00038456748,0.0026947258,0.033231493,0.008482045,0.06662881,0.00917192,0.019050643
112000,47040,0.0046939594,0.74668175,0.11633621,0.0001360965,0.032244794,0.0017289912,0.00037506592,0.0020698595,0.01260734,0.0034433233,0.0538497,0.0072710407,0.01856195
114240,47040,0.00429258,0.7671602,0.08682566,0.00011966695,0.026469951,0.002366742,0.00036690373,0.0025285857,0.012923013,0.0051735803,0.068798035,0.0056594308,0.017315723
116480,47040,0.004535784,0.72405046,0.12064095,0.0001711747,0.03595772,0.001822843,0.00030151653,0.0017096847,0.008098593,0.002585281,0.074259765,0.0045052357,0.021361083
118720,47040,0.0046891873,0.7273929,0.11194771,0.00015843373,0.026236622,0.0026026901,0.0003539417,0.0024855894,0.011196936,0.0031736963,0.08256325,0.0034716157,0.023727547
24640,49280,0.002837649,0.83165824,0.04734124,8.4753556e-05,0.023054648,0.0022652985,0.00037548385,0.0017037037,0.013751477,0.0032831323,0.057479363,0.0045840745,0.011580943
26880,49280,0.0031853302,0.7852224,0.13294712,0.00013155417,0.019230401,0.0013021331,0.00047985924,0.0011294818,0.0028308,0.0009813465,0.024433486,0.006138292,0.021987692
116480,49280,0.002958207,0.6973607,0.22555423,0.00019189721,0.013618147,0.0011032342,0.00039469756,0.00085107714,0.0021011336,0.00073593785,0.0302975,0.005663544,0.019169748
118720,49280,0.004748126,0.8120953,0.08941889,0.00010820601,0.021535104,0.0012545494,0.00034140956,0.0016164433,0.008631651,0.0019743666,0.04012113,0.0063958587,0.011759096
120960,49280,0.004872077,0.7840191,0.08602859,0.00012301623,0.017572498,0.0018002009,0.00031556128,0.0018198617,0.007894557,0.0026906088,0.07163793,0.0034780765,0.017747946
123200,49280,0.0063785473,0.7443717,0.08793481,0.00014360734,0.028538983,0.0022202826,0.00039497198,0.0026600205,0.015293233,0.0054691504,0.07929008,0.004285118,0.023019506
17920,51520,0.0044293343,0.3952422,0.03624061,0.00019300335,0.07575124,0.0067311805,0.0005846715,0.005514049,0.19062847,0.022276621,0.21100248,0.0063992394,0.045006953
20160,51520,0.003124108,0.7548581,0.04153549,0.00010601964,0.036132824,0.0034670886,0.00046316968,0.0029053632,0.038181942,0.0071666045,0.092793755,0.0053147986,0.013950838
22400,51520,0.002637247,0.72479326,0.08168247,0.00019715754,0.051254764,0.0029172322,0.00028060647,0.0027316744,0.009356655,0.0025742606,0.091842905,0.0065270565,0.023204656
24640,51520,0.0041084923,0.7282855,0.12205409,0.0001821185,0.020633545,0.0027813315,0.0005090115,0.0021332533,0.012579133,0.0011720206,0.048559412,0.012834875,0.044167228
123200,51520,0.005707417,0.77774996,0.11381645,0.00014139686,0.016810568,0.0020078567,0.00043401294,0.0015754234,0.010642535,0.0013589959,0.031055098,0.0048486725,0.03385161
17920,53760,0.0025160683,0.7584945,0.14322941,0.00016655802,0.020371102,0.0016525722,0.00057844515,0.0016912004,0.0020177823,0.0010439334,0.032693174,0.0073041124,0.028241223
20160,53760,0.0046628728,0.7298048,0.08890551,0.00014628921,0.043932177,0.0027695866,0.00041738112,0.0023541464,0.045137342,0.0018975044,0.040836785,0.011518461,0.02761698
