x,y,is_tissue,tissue_pct,pct_inROI,pct_nested,gt_label_thr050,gt_label_thr025
0,0,0,0.01893813775510204,0.0,0.0,-1,-1
2240,0,0,0.01914859693877551,0.0,0.0,-1,-1
4480,0,0,0.01610969387755102,0.0,0.0,-1,-1
6720,0,0,0.015707908163265307,0.0,0.0,-1,-1
8960,0,0,0.012799744897959184,0.0,0.0,-1,-1
11200,0,0,0.008794642857142857,0.0,0.0,-1,-1
13440,0,0,0.0030644132653061223,0.0,0.0,-1,-1
15680,0,0,0.005169005102040817,0.0,0.0,-1,-1
17920,0,0,0.0035012755102040815,0.0,0.0,-1,-1
20160,0,0,0.002927295918367347,0.0,0.0,-1,-1
22400,0,0,0.003954081632653061,0.0,0.0,-1,-1
24640,0,0,0.004167729591836734,0.0,0.0,-1,-1
26880,0,0,0.0033418367346938777,0.0,0.0,-1,-1
29120,0,0,0.00484375,0.0,0.0,-1,-1
31360,0,0,0.00397640306122449,0.0,0.0,-1,-1
33600,0,0,0.0030899234693877553,0.0,0.0,-1,-1
35840,0,0,0.004722576530612245,0.0,0.0,-1,-1
38080,0,0,0.0039700255102040815,0.0,0.0,-1,-1
40320,0,0,0.0019355867346938776,0.0,0.0,-1,-1
42560,0,0,0.006399872448979592,0.0,0.0,-1,-1
44800,0,0,0.0026052295918367347,0.0,0.0,-1,-1
47040,0,0,0.004231505102040817,0.0,0.0,-1,-1
49280,0,0,0.003603316326530612,0.0,0.0,-1,-1
51520,0,0,0.003912627551020408,0.0,0.0,-1,-1
53760,0,0,0.0033290816326530612,0.0,0.0,-1,-1
56000,0,0,0.005771683673469388,0.0,0.0,-1,-1
58240,0,0,0.0029974489795918367,0.0,0.0,-1,-1
60480,0,0,0.0029145408163265304,0.0,0.0,-1,-1
62720,0,0,0.0037627551020408163,0.0,0.0,-1,-1
64960,0,0,0.004110331632653061,0.0,0.0,-1,-1
67200,0,0,0.005899234693877551,0.0,0.0,-1,-1
69440,0,0,0.005207270408163265,0.0,0.0,-1,-1
71680,0,0,0.005631377551020408,0.0,0.0,-1,-1
73920,0,0,0.004799107142857143,0.0,0.0,-1,-1
76160,0,0,0.007455357142857143,0.0,0.0,-1,-1
78400,0,0,0.0033418367346938777,0.0,0.0,-1,-1
80640,0,0,0.004033801020408163,0.0,0.0,-1,-1
82880,0,0,0.00574936224489796,0.0,0.0,-1,-1
85120,0,0,0.006623086734693877,0.0,0.0,-1,-1
87360,0,0,0.005003188775510204,0.0,0.0,-1,-1
89600,0,0,0.007219387755102041,0.0,0.0,-1,-1
91840,0,0,0.005755739795918367,0.0,0.0,-1,-1
94080,0,0,0.00748405612244898,0.0,0.0,-1,-1
96320,0,0,0.00625,0.0,0.0,-1,-1
98560,0,0,0.004955357142857142,0.0,0.0,-1,-1
100800,0,0,0.005267857142857143,0.0,0.0,-1,-1
103040,0,0,0.004575892857142857,0.0,0.0,-1,-1
105280,0,0,0.005762117346938775,0.0,0.0,-1,-1
0,2240,0,4.1454081632653064e-05,0.0,0.0,-1,-1
2240,2240,0,1.913265306122449e-05,0.0,0.0,-1,-1
4480,2240,0,8.928571428571429e-05,0.0,0.0,-1,-1
6720,2240,0,0.0,0.0,0.0,-1,-1
8960,2240,0,3.1887755102040818e-06,0.0,0.0,-1,-1
11200,2240,0,0.0,0.0,0.0,-1,-1
13440,2240,0,0.0,0.0,0.0,-1,-1
15680,2240,0,3.1887755102040818e-06,0.0,0.0,-1,-1
17920,2240,0,9.566326530612244e-06,0.0,0.0,-1,-1
20160,2240,0,6.3775510204081635e-06,0.0,0.0,-1,-1
22400,2240,0,4.464285714285714e-05,0.0,0.0,-1,-1
24640,2240,0,0.0,0.0,0.0,-1,-1
26880,2240,0,2.8698979591836733e-05,0.0,0.0,-1,-1
29120,2240,0,2.8698979591836733e-05,0.0,0.0,-1,-1
31360,2240,0,4.783163265306122e-05,0.0,0.0,-1,-1
33600,2240,0,0.0,0.0,0.0,-1,-1
35840,2240,0,1.913265306122449e-05,0.0,0.0,-1,-1
38080,2240,0,2.8698979591836733e-05,0.0,0.0,-1,-1
40320,2240,0,2.5510204081632654e-05,0.0,0.0,-1,-1
42560,2240,0,3.1887755102040818e-06,0.0,0.0,-1,-1
44800,2240,0,3.1887755102040818e-06,0.0,0.0,-1,-1
47040,2240,0,0.0,0.0,0.0,-1,-1
49280,2240,0,2.5510204081632654e-05,0.0,0.0,-1,-1
51520,2240,0,4.783163265306122e-05,0.0,0.0,-1,-1
53760,2240,0,0.0,0.0,0.0,-1,-1
56000,2240,0,2.5510204081632654e-05,0.0,0.0,-1,-1
58240,2240,0,6.058673469387755e-05,0.0,0.0,-1,-1
60480,2240,0,2.232142857142857e-05,0.0,0.0,-1,-1
62720,2240,0,3.1887755102040818e-06,0.0,0.0,-1,-1
64960,2240,0,0.0,0.0,0.0,-1,-1
67200,2240,0,1.913265306122449e-05,0.0,0.0,-1,-1
69440,2240,0,9.247448979591836e-05,0.0,0.0,-1,-1
71680,2240,0,1.2755102040816327e-05,0.0,0.0,-1,-1
73920,2240,0,9.566326530612244e-06,0.0,0.0,-1,-1
76160,2240,0,1.913265306122449e-05,0.0,0.0,-1,-1
78400,2240,0,1.594387755102041e-05,0.0,0.0,-1,-1
80640,2240,0,4.1454081632653064e-05,0.0,0.0,-1,-1
82880,2240,0,2.232142857142857e-05,0.0,0.0,-1,-1
85120,2240,0,1.2755102040816327e-05,0.0,0.0,-1,-1
87360,2240,0,0.0006026785714285714,0.0,0.0,-1,-1
89600,2240,0,9.566326530612244e-06,0.0,0.0,-1,-1
91840,2240,0,1.913265306122449e-05,0.0,0.0,-1,-1
94080,2240,0,6.377551020408164e-05,0.0,0.0,-1,-1
96320,2240,0,0.0027200255102040817,0.0,0.0,-1,-1
98560,2240,0,0.0005548469387755102,0.0,0.0,-1,-1
100800,2240,0,0.00014349489795918369,0.0,0.0,-1,-1
103040,2240,0,4.464285714285714e-05,0.0,0.0,-1,-1
105280,2240,0,1.913265306122449e-05,0.0,0.0,-1,-1
0,4480,0,7.653061224489796e-05,0.0,0.0,-1,-1
2240,4480,0,0.0,0.0,0.0,-1,-1
4480,4480,0,6.3775510204081635e-06,0.0,0.0,-1,-1
6720,4480,0,0.0,0.0,0.0,-1,-1
8960,4480,0,0.0,0.0,0.0,-1,-1
11200,4480,0,0.0,0.0,0.0,-1,-1
13440,4480,0,3.1887755102040818e-06,0.0,0.0,-1,-1
15680,4480,0,4.1454081632653064e-05,0.0,0.0,-1,-1
17920,4480,0,6.3775510204081635e-06,0.0,0.0,-1,-1
20160,4480,0,0.0,0.0,0.0,-1,-1
22400,4480,0,9.566326530612244e-06,0.0,0.0,-1,-1
24640,4480,0,0.0,0.0,0.0,-1,-1
26880,4480,0,0.0,0.0,0.0,-1,-1
29120,4480,0,0.0,0.0,0.0,-1,-1
31360,4480,0,0.0,0.0,0.0,-1,-1
33600,4480,0,0.0,0.0,0.0,-1,-1
35840,4480,0,9.566326530612244e-06,0.0,0.0,-1,-1
38080,4480,0,0.0,0.0,0.0,-1,-1
40320,4480,0,6.377551020408164e-05,0.0,0.0,-1,-1
42560,4480,0,2.8698979591836733e-05,0.0,0.0,-1,-1
44800,4480,0,1.913265306122449e-05,0.0,0.0,-1,-1
47040,4480,0,3.1887755102040818e-06,0.0,0.0,-1,-1
49280,4480,0,0.0,0.0,0.0,-1,-1
51520,4480,0,9.566326530612244e-06,0.0,0.0,-1,-1
53760,4480,0,3.188775510204082e-05,0.0,0.0,-1,-1
56000,4480,0,0.00013392857142857144,0.0,0.0,-1,-1
58240,4480,0,9.566326530612244e-06,0.0,0.0,-1,-1
60480,4480,0,0.00040816326530612246,0.0,0.0,-1,-1
62720,4480,0,0.001326530612244898,0.0,0.0,-1,-1
64960,4480,0,0.0,0.0,0.0,-1,-1
67200,4480,0,1.2755102040816327e-05,0.0,0.0,-1,-1
69440,4480,0,1.594387755102041e-05,0.0,0.0,-1,-1
71680,4480,0,0.2303220663265306,0.0,0.0,-1,-1
73920,4480,0,0.35020408163265304,0.0,0.0,-1,-1
76160,4480,0,0.00011798469387755103,0.0,0.0,-1,-1
78400,4480,0,6.3775510204081635e-06,0.0,0.0,-1,-1
80640,4480,0,7.971938775510203e-05,0.0,0.0,-1,-1
82880,4480,0,3.1887755102040818e-06,0.0,0.0,-1,-1
85120,4480,0,5.7397959183673466e-05,0.0,0.0,-1,-1
87360,4480,0,2.232142857142857e-05,0.0,0.0,-1,-1
89600,4480,0,0.0,0.0,0.0,-1,-1
91840,4480,0,1.913265306122449e-05,0.0,0.0,-1,-1
94080,4480,0,1.594387755102041e-05,0.0,0.0,-1,-1
96320,4480,0,0.0,0.0,0.0,-1,-1
98560,4480,0,0.0017251275510204082,0.0,0.0,-1,-1
100800,4480,0,2.5510204081632654e-05,0.0,0.0,-1,-1
103040,4480,0,3.1887755102040818e-06,0.0,0.0,-1,-1
105280,4480,0,0.0001211734693877551,0.0,0.0,-1,-1
0,6720,0,3.188775510204082e-05,0.0,0.0,-1,-1
2240,6720,0,3.1887755102040818e-06,0.0,0.0,-1,-1
4480,6720,0,0.0,0.0,0.0,-1,-1
6720,6720,0,4.464285714285714e-05,0.0,0.0,-1,-1
8960,6720,0,2.8698979591836733e-05,0.0,0.0,-1,-1
11200,6720,0,0.0,0.0,0.0,-1,-1
13440,6720,0,1.913265306122449e-05,0.0,0.0,-1,-1
15680,6720,0,0.0,0.0,0.0,-1,-1
17920,6720,0,0.0,0.0,0.0,-1,-1
20160,6720,0,3.1887755102040818e-06,0.0,0.0,-1,-1
22400,6720,0,1.2755102040816327e-05,0.0,0.0,-1,-1
24640,6720,0,6.3775510204081635e-06,0.0,0.0,-1,-1
26880,6720,0,0.0,0.0,0.0,-1,-1
29120,6720,0,3.1887755102040818e-06,0.0,0.0,-1,-1
31360,6720,0,0.0,0.0,0.0,-1,-1
33600,6720,0,0.00012755102040816328,0.0,0.0,-1,-1
35840,6720,0,5.102040816326531e-05,0.0,0.0,-1,-1
38080,6720,0,0.0,0.0,0.0,-1,-1
40320,6720,0,0.0,0.0,0.0,-1,-1
42560,6720,0,0.0,0.0,0.0,-1,-1
44800,6720,0,0.0,0.0,0.0,-1,-1
47040,6720,0,9.566326530612244e-05,0.0,0.0,-1,-1
49280,6720,0,1.594387755102041e-05,0.0,0.0,-1,-1
51520,6720,0,0.0,0.0,0.0,-1,-1
53760,6720,0,2.5510204081632654e-05,0.0,0.0,-1,-1
56000,6720,0,0.00017857142857142857,0.0,0.0,-1,-1
58240,6720,0,7.971938775510203e-05,0.0,0.0,-1,-1
60480,6720,0,0.00026466836734693875,0.0,0.0,-1,-1
62720,6720,0,0.0005707908163265306,0.0,0.0,-1,-1
64960,6720,0,0.0,0.0,0.0,-1,-1
67200,6720,0,0.0871109693877551,0.0,0.0,-1,-1
69440,6720,0,0.6717059948979592,0.0,0.0,-1,-1
71680,6720,1,0.9476658163265306,0.0,0.0,-1,-1
73920,6720,1,0.9569005102040816,0.0,0.0,-1,-1
76160,6720,0,0.3128858418367347,0.0,0.0,-1,-1
78400,6720,0,0.00011479591836734693,0.0,0.0,-1,-1
80640,6720,0,0.0,0.0,0.0,-1,-1
82880,6720,0,1.594387755102041e-05,0.0,0.0,-1,-1
85120,6720,0,2.5510204081632654e-05,0.0,0.0,-1,-1
87360,6720,0,1.594387755102041e-05,0.0,0.0,-1,-1
89600,6720,0,0.0,0.0,0.0,-1,-1
91840,6720,0,6.3775510204081635e-06,0.0,0.0,-1,-1
94080,6720,0,5.420918367346939e-05,0.0,0.0,-1,-1
96320,6720,0,3.1887755102040818e-06,0.0,0.0,-1,-1
98560,6720,0,3.1887755102040818e-06,0.0,0.0,-1,-1
100800,6720,0,0.0003252551020408163,0.0,0.0,-1,-1
103040,6720,0,0.0001721938775510204,0.0,0.0,-1,-1
105280,6720,0,1.913265306122449e-05,0.0,0.0,-1,-1
0,8960,0,0.0,0.0,0.0,-1,-1
2240,8960,0,0.0,0.0,0.0,-1,-1
4480,8960,0,0.0010714285714285715,0.0,0.0,-1,-1
6720,8960,0,0.0,0.0,0.0,-1,-1
8960,8960,0,9.566326530612244e-06,0.0,0.0,-1,-1
11200,8960,0,0.0,0.0,0.0,-1,-1
13440,8960,0,0.0,0.0,0.0,-1,-1
15680,8960,0,6.3775510204081635e-06,0.0,0.0,-1,-1
17920,8960,0,3.826530612244898e-05,0.0,0.0,-1,-1
20160,8960,0,0.0,0.0,0.0,-1,-1
22400,8960,0,1.594387755102041e-05,0.0,0.0,-1,-1
24640,8960,0,4.783163265306122e-05,0.0,0.0,-1,-1
26880,8960,0,1.913265306122449e-05,0.0,0.0,-1,-1
29120,8960,0,0.0,0.0,0.0,-1,-1
31360,8960,0,0.0,0.0,0.0,-1,-1
33600,8960,0,0.0,0.0,0.0,-1,-1
35840,8960,0,0.0,0.0,0.0,-1,-1
38080,8960,0,0.0,0.0,0.0,-1,-1
40320,8960,0,0.00012436224489795918,0.0,0.0,-1,-1
42560,8960,0,0.0,0.0,0.0,-1,-1
44800,8960,0,0.0,0.0,0.0,-1,-1
47040,8960,0,0.0,0.0,0.0,-1,-1
49280,8960,0,2.8698979591836733e-05,0.0,0.0,-1,-1
51520,8960,0,3.1887755102040818e-06,0.0,0.0,-1,-1
53760,8960,0,0.0001211734693877551,0.0,0.0,-1,-1
56000,8960,0,4.464285714285714e-05,0.0,0.0,-1,-1
58240,8960,0,1.2755102040816327e-05,0.0,0.0,-1,-1
60480,8960,0,3.188775510204082e-05,0.0,0.0,-1,-1
62720,8960,0,3.1887755102040818e-06,0.0,0.0,-1,-1
64960,8960,0,0.00013073979591836734,0.0,0.0,-1,-1
67200,8960,0,0.38204400510204084,0.0,0.0,-1,-1
69440,8960,1,0.9629496173469387,0.0,0.0,-1,-1
71680,8960,1,0.932391581632653,0.0,0.0,-1,-1
73920,8960,1,0.842063137755102,0.0,0.0,-1,-1
76160,8960,1,0.9348309948979592,0.0,0.0,-1,-1
78400,8960,0,0.24381696428571428,0.0,0.0,-1,-1
80640,8960,0,0.00018813775510204082,0.0,0.0,-1,-1
82880,8960,0,8.928571428571429e-05,0.0,0.0,-1,-1
85120,8960,0,4.783163265306122e-05,0.0,0.0,-1,-1
87360,8960,0,6.3775510204081635e-06,0.0,0.0,-1,-1
89600,8960,0,0.00015625,0.0,0.0,-1,-1
91840,8960,0,4.783163265306122e-05,0.0,0.0,-1,-1
94080,8960,0,0.00011798469387755103,0.0,0.0,-1,-1
96320,8960,0,1.594387755102041e-05,0.0,0.0,-1,-1
98560,8960,0,0.00016900510204081632,0.0,0.0,-1,-1
100800,8960,0,9.566326530612244e-06,0.0,0.0,-1,-1
103040,8960,0,5.102040816326531e-05,0.0,0.0,-1,-1
105280,8960,0,0.0,0.0,0.0,-1,-1
0,11200,0,1.594387755102041e-05,0.0,0.0,-1,-1
2240,11200,0,6.3775510204081635e-06,0.0,0.0,-1,-1
4480,11200,0,0.0,0.0,0.0,-1,-1
6720,11200,0,0.0,0.0,0.0,-1,-1
8960,11200,0,4.783163265306122e-05,0.0,0.0,-1,-1
11200,11200,0,1.2755102040816327e-05,0.0,0.0,-1,-1
13440,11200,0,4.1454081632653064e-05,0.0,0.0,-1,-1
15680,11200,0,5.102040816326531e-05,0.0,0.0,-1,-1
17920,11200,0,3.1887755102040818e-06,0.0,0.0,-1,-1
20160,11200,0,0.0,0.0,0.0,-1,-1
22400,11200,0,0.0,0.0,0.0,-1,-1
24640,11200,0,0.0,0.0,0.0,-1,-1
26880,11200,0,6.3775510204081635e-06,0.0,0.0,-1,-1
29120,11200,0,0.0,0.0,0.0,-1,-1
31360,11200,0,1.913265306122449e-05,0.0,0.0,-1,-1
33600,11200,0,3.1887755102040818e-06,0.0,0.0,-1,-1
35840,11200,0,6.3775510204081635e-06,0.0,0.0,-1,-1
38080,11200,0,3.188775510204082e-05,0.0,0.0,-1,-1
40320,11200,0,4.1454081632653064e-05,0.0,0.0,-1,-1
42560,11200,0,1.913265306122449e-05,0.0,0.0,-1,-1
44800,11200,0,1.2755102040816327e-05,0.0,0.0,-1,-1
47040,11200,0,3.1887755102040818e-06,0.0,0.0,-1,-1
49280,11200,0,1.594387755102041e-05,0.0,0.0,-1,-1
51520,11200,0,4.464285714285714e-05,0.0,0.0,-1,-1
53760,11200,0,0.0001052295918367347,0.0,0.0,-1,-1
56000,11200,0,6.058673469387755e-05,0.0,0.0,-1,-1
58240,11200,0,0.2074234693877551,0.0,0.0,-1,-1
60480,11200,0,0.47415497448979593,0.0,0.0,-1,-1
62720,11200,0,0.564046556122449,0.0,0.0,-1,-1
64960,11200,0,0.12681122448979593,0.0,0.0,-1,-1
67200,11200,0,0.4595440051020408,0.0,0.0,-1,-1
69440,11200,1,0.846922831632653,0.0,0.0,-1,-1
71680,11200,1,0.9487308673469388,0.0,0.0,-1,-1
73920,11200,1,0.9381632653061225,0.0,0.0,-1,-1
76160,11200,1,0.8243973214285715,0.0,0.0,-1,-1
78400,11200,1,0.7469642857142857,0.0,0.0,-1,-1
80640,11200,0,0.2004017857142857,0.0,0.0,-1,-1
82880,11200,0,0.007745535714285714,0.0,0.0,-1,-1
85120,11200,0,2.232142857142857e-05,0.0,0.0,-1,-1
87360,11200,0,1.2755102040816327e-05,0.0,0.0,-1,-1
89600,11200,0,3.50765306122449e-05,0.0,0.0,-1,-1
91840,11200,0,1.913265306122449e-05,0.0,0.0,-1,-1
94080,11200,0,3.1887755102040818e-06,0.0,0.0,-1,-1
96320,11200,0,4.1454081632653064e-05,0.0,0.0,-1,-1
98560,11200,0,1.594387755102041e-05,0.0,0.0,-1,-1
100800,11200,0,2.232142857142857e-05,0.0,0.0,-1,-1
103040,11200,0,9.566326530612244e-06,0.0,0.0,-1,-1
105280,11200,0,2.232142857142857e-05,0.0,0.0,-1,-1
0,13440,0,8.60969387755102e-05,0.0,0.0,-1,-1
2240,13440,0,1.594387755102041e-05,0.0,0.0,-1,-1
4480,13440,0,9.566326530612244e-06,0.0,0.0,-1,-1
6720,13440,0,3.50765306122449e-05,0.0,0.0,-1,-1
8960,13440,0,6.3775510204081635e-06,0.0,0.0,-1,-1
11200,13440,0,4.783163265306122e-05,0.0,0.0,-1,-1
13440,13440,0,2.232142857142857e-05,0.0,0.0,-1,-1
15680,13440,0,0.0,0.0,0.0,-1,-1
17920,13440,0,9.566326530612244e-06,0.0,0.0,-1,-1
20160,13440,0,6.3775510204081635e-06,0.0,0.0,-1,-1
22400,13440,0,0.0,0.0,0.0,-1,-1
24640,13440,0,9.566326530612244e-06,0.0,0.0,-1,-1
26880,13440,0,0.0,0.0,0.0,-1,-1
29120,13440,0,0.0,0.0,0.0,-1,-1
31360,13440,0,0.0,0.0,0.0,-1,-1
33600,13440,0,0.0,0.0,0.0,-1,-1
35840,13440,0,0.0,0.0,0.0,-1,-1
38080,13440,0,0.0,0.0,0.0,-1,-1
40320,13440,0,0.0,0.0,0.0,-1,-1
42560,13440,0,0.0,0.0,0.0,-1,-1
44800,13440,0,9.566326530612244e-06,0.0,0.0,-1,-1
47040,13440,0,0.00045599489795918367,0.0,0.0,-1,-1
49280,13440,0,1.2755102040816327e-05,0.0,0.0,-1,-1
51520,13440,0,1.2755102040816327e-05,0.0,0.0,-1,-1
53760,13440,0,3.1887755102040818e-06,0.0,0.0,-1,-1
56000,13440,0,0.3033545918367347,0.0,0.0,-1,-1
58240,13440,1,0.8620663265306122,0.0,0.0,-1,-1
60480,13440,1,0.9053156887755102,0.0,0.0,-1,-1
62720,13440,1,0.8200573979591836,0.0,0.0,-1,-1
64960,13440,1,0.7631473214285714,0.0,0.0,-1,-1
67200,13440,0,0.20203125,0.0,0.0,-1,-1
69440,13440,1,0.7624107142857143,0.0,0.0,-1,-1
71680,13440,1,0.7531345663265306,0.0,0.0,-1,-1
73920,13440,1,0.9330102040816326,0.0,0.0,-1,-1
76160,13440,1,0.9385267857142857,0.0,0.0,-1,-1
78400,13440,1,0.8688679846938776,0.0,0.0,-1,-1
80640,13440,1,0.868734056122449,0.0,0.0,-1,-1
82880,13440,1,0.7764221938775511,0.0,0.0,-1,-1
85120,13440,0,0.627796556122449,0.0,0.0,-1,-1
87360,13440,0,0.13861607142857144,0.0,0.0,-1,-1
89600,13440,0,1.594387755102041e-05,0.0,0.0,-1,-1
91840,13440,0,9.566326530612244e-06,0.0,0.0,-1,-1
94080,13440,0,3.826530612244898e-05,0.0,0.0,-1,-1
96320,13440,0,7.01530612244898e-05,0.0,0.0,-1,-1
98560,13440,0,6.696428571428572e-05,0.0,0.0,-1,-1
100800,13440,0,5.102040816326531e-05,0.0,0.0,-1,-1
103040,13440,0,6.377551020408164e-05,0.0,0.0,-1,-1
105280,13440,0,5.7397959183673466e-05,0.0,0.0,-1,-1
0,15680,0,0.0024330357142857144,0.0,0.0,-1,-1
2240,15680,0,3.188775510204082e-05,0.0,0.0,-1,-1
4480,15680,0,0.0023533163265306123,0.0,0.0,-1,-1
6720,15680,0,3.1887755102040818e-06,0.0,0.0,-1,-1
8960,15680,0,3.188775510204082e-05,0.0,0.0,-1,-1
11200,15680,0,3.188775510204082e-05,0.0,0.0,-1,-1
13440,15680,0,1.2755102040816327e-05,0.0,0.0,-1,-1
15680,15680,0,3.1887755102040818e-06,0.0,0.0,-1,-1
17920,15680,0,0.0,0.0,0.0,-1,-1
20160,15680,0,3.1887755102040818e-06,0.0,0.0,-1,-1
22400,15680,0,6.3775510204081635e-06,0.0,0.0,-1,-1
24640,15680,0,0.0,0.0,0.0,-1,-1
26880,15680,0,0.0,0.0,0.0,-1,-1
29120,15680,0,6.058673469387755e-05,0.0,0.0,-1,-1
31360,15680,0,0.00013073979591836734,0.0,0.0,-1,-1
33600,15680,0,0.0,0.0,0.0,-1,-1
35840,15680,0,0.0,0.0,0.0,-1,-1
38080,15680,0,0.0,0.0,0.0,-1,-1
40320,15680,0,9.566326530612244e-06,0.0,0.0,-1,-1
42560,15680,0,0.0,0.0,0.0,-1,-1
44800,15680,0,6.3775510204081635e-06,0.0,0.0,-1,-1
47040,15680,0,1.913265306122449e-05,0.0,0.0,-1,-1
49280,15680,0,0.0,0.0,0.0,-1,-1
51520,15680,0,3.1887755102040818e-06,0.0,0.0,-1,-1
53760,15680,0,0.0,0.0,0.0,-1,-1
56000,15680,0,0.2886415816326531,0.0,0.0,-1,-1
58240,15680,1,0.8904336734693877,0.0,0.0,-1,-1
60480,15680,1,0.9083163265306122,0.0,0.0,-1,-1
62720,15680,1,0.898093112244898,0.0,0.0,-1,-1
64960,15680,1,0.8548883928571429,0.0,0.0,-1,-1
67200,15680,0,0.42441007653061225,0.0,0.0,-1,-1
69440,15680,0,0.5033864795918367,0.0,0.0,-1,-1
71680,15680,1,0.8876147959183673,0.0,0.0,-1,-1
73920,15680,1,0.9225031887755102,0.0,0.0,-1,-1
76160,15680,1,0.9307844387755102,0.0,0.0,-1,-1
78400,15680,1,0.9170025510204082,0.0,0.0,-1,-1
80640,15680,1,0.9070918367346938,0.0,0.0,-1,-1
82880,15680,1,0.9288711734693877,0.0,0.0,-1,-1
85120,15680,1,0.8173309948979591,0.0,0.0,-1,-1
87360,15680,1,0.7183131377551021,0.0,0.0,-1,-1
89600,15680,0,0.028660714285714286,0.0,0.0,-1,-1
91840,15680,0,3.826530612244898e-05,0.0,0.0,-1,-1
94080,15680,0,0.0,0.0,0.0,-1,-1
96320,15680,0,3.50765306122449e-05,0.0,0.0,-1,-1
98560,15680,0,1.2755102040816327e-05,0.0,0.0,-1,-1
100800,15680,0,7.334183673469388e-05,0.0,0.0,-1,-1
103040,15680,0,2.5510204081632654e-05,0.0,0.0,-1,-1
105280,15680,0,0.0,0.0,0.0,-1,-1
0,17920,0,2.232142857142857e-05,0.0,0.0,-1,-1
2240,17920,0,6.377551020408164e-05,0.0,0.0,-1,-1
4480,17920,0,8.290816326530613e-05,0.0,0.0,-1,-1
6720,17920,0,1.594387755102041e-05,0.0,0.0,-1,-1
8960,17920,0,2.5510204081632654e-05,0.0,0.0,-1,-1
11200,17920,0,6.377551020408164e-05,0.0,0.0,-1,-1
13440,17920,0,5.102040816326531e-05,0.0,0.0,-1,-1
15680,17920,0,0.0,0.0,0.0,-1,-1
17920,17920,0,6.3775510204081635e-06,0.0,0.0,-1,-1
20160,17920,0,0.0,0.0,0.0,-1,-1
22400,17920,0,6.058673469387755e-05,0.0,0.0,-1,-1
24640,17920,0,1.594387755102041e-05,0.0,0.0,-1,-1
26880,17920,0,9.247448979591836e-05,0.0,0.0,-1,-1
29120,17920,0,0.0,0.0,0.0,-1,-1
31360,17920,0,1.594387755102041e-05,0.0,0.0,-1,-1
33600,17920,0,9.566326530612244e-06,0.0,0.0,-1,-1
35840,17920,0,0.0,0.0,0.0,-1,-1
38080,17920,0,1.594387755102041e-05,0.0,0.0,-1,-1
40320,17920,0,0.0,0.0,0.0,-1,-1
42560,17920,0,3.50765306122449e-05,0.0,0.0,-1,-1
44800,17920,0,3.1887755102040818e-06,0.0,0.0,-1,-1
47040,17920,0,0.0,0.0,0.0,-1,-1
49280,17920,0,8.60969387755102e-05,0.0,0.0,-1,-1
51520,17920,0,0.000274234693877551,0.0,0.0,-1,-1
53760,17920,0,2.8698979591836733e-05,0.0,0.0,-1,-1
56000,17920,0,0.15465242346938776,0.0,0.0,-1,-1
58240,17920,0,0.6863169642857143,0.0,0.0,-1,-1
60480,17920,1,0.89546875,0.0,0.0,-1,-1
62720,17920,1,0.9413297193877551,0.0,0.0,-1,-1
64960,17920,1,0.8554942602040816,0.0,0.0,-1,-1
67200,17920,1,0.9087436224489795,0.0,0.0,-1,-1
69440,17920,1,0.7175605867346939,0.0,0.0,-1,-1
71680,17920,0,0.6835012755102041,0.0,0.0,-1,-1
73920,17920,1,0.926999362244898,0.0,0.0,-1,-1
76160,17920,1,0.9363329081632653,0.0,0.0,-1,-1
78400,17920,1,0.9438137755102041,0.0,0.0,-1,-1
80640,17920,1,0.9385969387755102,0.0,0.0,-1,-1
82880,17920,1,0.9440146683673469,0.0,0.0,-1,-1
85120,17920,1,0.8042984693877551,0.0,0.0,-1,-1
87360,17920,1,0.8665975765306122,0.0,0.0,-1,-1
89600,17920,0,0.4014190051020408,0.0,0.0,-1,-1
91840,17920,0,0.1730325255102041,0.0,0.0,-1,-1
94080,17920,0,0.1837531887755102,0.0,0.0,-1,-1
96320,17920,0,0.5687755102040817,0.0,0.0,-1,-1
98560,17920,0,0.5356983418367347,0.0,0.0,-1,-1
100800,17920,0,0.3540082908163265,0.0,0.0,-1,-1
103040,17920,0,1.594387755102041e-05,0.0,0.0,-1,-1
105280,17920,0,6.377551020408164e-05,0.0,0.0,-1,-1
0,20160,0,9.566326530612244e-06,0.0,0.0,-1,-1
2240,20160,0,3.1887755102040818e-06,0.0,0.0,-1,-1
4480,20160,0,3.1887755102040818e-06,0.0,0.0,-1,-1
6720,20160,0,0.0,0.0,0.0,-1,-1
8960,20160,0,6.3775510204081635e-06,0.0,0.0,-1,-1
11200,20160,0,6.3775510204081635e-06,0.0,0.0,-1,-1
13440,20160,0,3.1887755102040818e-06,0.0,0.0,-1,-1
15680,20160,0,0.0,0.0,0.0,-1,-1
17920,20160,0,3.1887755102040818e-06,0.0,0.0,-1,-1
20160,20160,0,1.913265306122449e-05,0.0,0.0,-1,-1
22400,20160,0,0.0,0.0,0.0,-1,-1
24640,20160,0,1.913265306122449e-05,0.0,0.0,-1,-1
26880,20160,0,0.0,0.0,0.0,-1,-1
29120,20160,0,6.3775510204081635e-06,0.0,0.0,-1,-1
31360,20160,0,0.0,0.0,0.0,-1,-1
33600,20160,0,6.3775510204081635e-06,0.0,0.0,-1,-1
35840,20160,0,6.3775510204081635e-06,0.0,0.0,-1,-1
38080,20160,0,0.0,0.0,0.0,-1,-1
40320,20160,0,6.3775510204081635e-06,0.0,0.0,-1,-1
42560,20160,0,0.0,0.0,0.0,-1,-1
44800,20160,0,0.0,0.0,0.0,-1,-1
47040,20160,0,1.913265306122449e-05,0.0,0.0,-1,-1
49280,20160,0,0.0,0.0,0.0,-1,-1
51520,20160,0,0.00011479591836734693,0.0,0.0,-1,-1
53760,20160,0,0.10401147959183674,0.0,0.0,-1,-1
56000,20160,1,0.809234693877551,0.0,0.0,-1,-1
58240,20160,1,0.8902423469387755,0.0,0.0,-1,-1
60480,20160,1,0.9292920918367347,0.0,0.0,-1,-1
62720,20160,1,0.9127359693877551,0.0,0.0,-1,-1
64960,20160,1,0.9408163265306122,0.0,0.0,-1,-1
67200,20160,1,0.9223724489795918,0.0,0.0,-1,-1
69440,20160,1,0.9123565051020408,0.0,0.0,-1,-1
71680,20160,1,0.8140593112244898,0.0,0.0,-1,-1
73920,20160,1,0.8994642857142857,0.0,0.0,-1,-1
76160,20160,1,0.9341230867346939,0.0,0.0,-1,-1
78400,20160,1,0.911859056122449,0.0,0.0,-1,-1
80640,20160,1,0.9367155612244898,0.0,0.0,-1,-1
82880,20160,1,0.9394929846938775,0.0,0.0,-1,-1
85120,20160,1,0.8775956632653061,0.0,0.0,-1,-1
87360,20160,1,0.8760618622448979,0.0,0.0,-1,-1
89600,20160,1,0.8066868622448979,0.0,0.0,-1,-1
91840,20160,1,0.9235267857142857,0.0,0.0,-1,-1
94080,20160,1,0.9875382653061224,0.0,0.0,-1,-1
96320,20160,1,0.9964158163265306,0.0,0.0,-1,-1
98560,20160,1,0.897171556122449,0.0,0.0,-1,-1
100800,20160,0,0.6342857142857142,0.0,0.0,-1,-1
103040,20160,0,0.0030899234693877553,0.0,0.0,-1,-1
105280,20160,0,9.566326530612244e-06,0.0,0.0,-1,-1
0,22400,0,0.0,0.0,0.0,-1,-1
2240,22400,0,1.913265306122449e-05,0.0,0.0,-1,-1
4480,22400,0,4.783163265306122e-05,0.0,0.0,-1,-1
6720,22400,0,2.232142857142857e-05,0.0,0.0,-1,-1
8960,22400,0,0.0,0.0,0.0,-1,-1
11200,22400,0,1.913265306122449e-05,0.0,0.0,-1,-1
13440,22400,0,0.0,0.0,0.0,-1,-1
15680,22400,0,6.3775510204081635e-06,0.0,0.0,-1,-1
17920,22400,0,9.566326530612244e-06,0.0,0.0,-1,-1
20160,22400,0,9.566326530612244e-06,0.0,0.0,-1,-1
22400,22400,0,9.566326530612244e-06,0.0,0.0,-1,-1
24640,22400,0,1.594387755102041e-05,0.0,0.0,-1,-1
26880,22400,0,0.0,0.0,0.0,-1,-1
29120,22400,0,0.00012755102040816328,0.0,0.0,-1,-1
31360,22400,0,1.594387755102041e-05,0.0,0.0,-1,-1
33600,22400,0,6.3775510204081635e-06,0.0,0.0,-1,-1
35840,22400,0,6.3775510204081635e-06,0.0,0.0,-1,-1
38080,22400,0,9.566326530612244e-06,0.0,0.0,-1,-1
40320,22400,0,6.3775510204081635e-06,0.0,0.0,-1,-1
42560,22400,0,0.0,0.0,0.0,-1,-1
44800,22400,0,0.0,0.0,0.0,-1,-1
47040,22400,0,2.8698979591836733e-05,0.0,0.0,-1,-1
49280,22400,0,0.07390625,0.0,0.0,-1,-1
51520,22400,0,0.6683673469387755,0.0,0.0,-1,-1
53760,22400,1,0.8549808673469388,0.0,0.0,-1,-1
56000,22400,1,0.9363233418367347,0.0,0.0,-1,-1
58240,22400,1,0.9489795918367347,0.0,0.0,-1,-1
60480,22400,1,0.91171875,0.0,0.0,-1,-1
62720,22400,1,0.9128380102040816,0.0,0.0,-1,-1
64960,22400,1,0.8572640306122449,0.0,0.0,-1,-1
67200,22400,1,0.9701052295918368,0.0,0.0,-1,-1
69440,22400,1,0.9721619897959184,0.0,0.0,-1,-1
71680,22400,1,0.9314445153061225,0.0,0.0,-1,-1
73920,22400,1,0.9227423469387755,0.0,0.0,-1,-1
76160,22400,1,0.9389923469387755,0.0,0.0,-1,-1
78400,22400,1,0.9304815051020409,0.02699956452315285,0.0,-1,-1
80640,22400,1,0.9258769132653061,0.0054363796650014696,0.0,-1,-1
82880,22400,1,0.8812755102040817,0.0,0.0,-1,-1
85120,22400,1,0.9520950255102041,0.0,0.0,-1,-1
87360,22400,1,0.8999011479591836,0.0,0.0,-1,-1
89600,22400,1,0.8692857142857143,0.0,0.0,-1,-1
91840,22400,1,0.7382142857142857,0.0,0.0,-1,-1
94080,22400,1,0.9855707908163265,0.0,0.0,-1,-1
96320,22400,1,0.9223915816326531,0.0,0.0,-1,-1
98560,22400,1,0.8947895408163266,0.0,0.0,-1,-1
100800,22400,0,0.11900829081632654,0.0,0.0,-1,-1
103040,22400,0,0.0,0.0,0.0,-1,-1
105280,22400,0,1.913265306122449e-05,0.0,0.0,-1,-1
0,24640,0,3.826530612244898e-05,0.0,0.0,-1,-1
2240,24640,0,0.0,0.0,0.0,-1,-1
4480,24640,0,4.1454081632653064e-05,0.0,0.0,-1,-1
6720,24640,0,3.1887755102040818e-06,0.0,0.0,-1,-1
8960,24640,0,6.3775510204081635e-06,0.0,0.0,-1,-1
11200,24640,0,0.0023150510204081633,0.0,0.0,-1,-1
13440,24640,0,6.058673469387755e-05,0.0,0.0,-1,-1
15680,24640,0,3.50765306122449e-05,0.0,0.0,-1,-1
17920,24640,0,9.566326530612244e-06,0.0,0.0,-1,-1
20160,24640,0,3.1887755102040818e-06,0.0,0.0,-1,-1
22400,24640,0,0.0,0.0,0.0,-1,-1
24640,24640,0,2.232142857142857e-05,0.0,0.0,-1,-1
26880,24640,0,0.0,0.0,0.0,-1,-1
29120,24640,0,3.826530612244898e-05,0.0,0.0,-1,-1
31360,24640,0,0.0,0.0,0.0,-1,-1
33600,24640,0,3.1887755102040818e-06,0.0,0.0,-1,-1
35840,24640,0,0.0,0.0,0.0,-1,-1
38080,24640,0,9.566326530612244e-06,0.0,0.0,-1,-1
40320,24640,0,0.0008003826530612244,0.0,0.0,-1,-1
42560,24640,0,0.0,0.0,0.0,-1,-1
44800,24640,0,6.3775510204081635e-06,0.0,0.0,-1,-1
47040,24640,0,0.0,0.0,0.0,-1,-1
49280,24640,1,0.7437308673469388,0.0,0.0,-1,-1
51520,24640,1,0.8862468112244898,0.0,0.0,-1,-1
53760,24640,1,0.9226753826530613,0.0,0.0,-1,-1
56000,24640,1,0.9672544642857143,0.0,0.0,-1,-1
58240,24640,1,0.965296556122449,0.0,0.0,-1,-1
60480,24640,1,0.7481823979591836,0.0,0.0,-1,-1
62720,24640,1,0.9354910714285715,0.0,0.0,-1,-1
64960,24640,1,0.9469419642857143,0.0,0.0,-1,-1
67200,24640,1,0.981938775510204,0.0,0.0,-1,-1
69440,24640,1,0.9639795918367347,0.0,0.0,-1,-1
71680,24640,1,0.9578061224489796,0.0,0.0,-1,-1
73920,24640,1,0.9592315051020408,0.0,0.0,-1,-1
76160,24640,1,0.9677614795918368,0.3437363913485266,0.00014515894904920887,-1,0
78400,24640,1,0.9666422193877551,0.33560749020177094,0.00014515894904920887,-1,0
80640,24640,1,0.8921588010204081,0.2320011754334411,0.0,-1,-1
82880,24640,1,0.9048883928571428,0.0,0.0,-1,-1
85120,24640,1,0.936374362244898,0.0,0.0,-1,-1
87360,24640,1,0.8854783163265306,0.0,0.0,-1,-1
89600,24640,1,0.8862818877551021,0.0,0.0,-1,-1
91840,24640,0,0.6800892857142857,0.0,0.0,-1,-1
94080,24640,1,0.8959630102040816,0.0,0.0,-1,-1
96320,24640,1,0.8739413265306123,0.0,0.0,-1,-1
98560,24640,1,0.9272640306122449,0.0,0.0,-1,-1
100800,24640,0,0.4260841836734694,0.0,0.0,-1,-1
103040,24640,0,4.1454081632653064e-05,0.0,0.0,-1,-1
105280,24640,0,7.334183673469388e-05,0.0,0.0,-1,-1
0,26880,0,2.5510204081632654e-05,0.0,0.0,-1,-1
2240,26880,0,0.0009693877551020408,0.0,0.0,-1,-1
4480,26880,0,0.00016900510204081632,0.0,0.0,-1,-1
6720,26880,0,3.1887755102040818e-06,0.0,0.0,-1,-1
8960,26880,0,1.913265306122449e-05,0.0,0.0,-1,-1
11200,26880,0,0.0,0.0,0.0,-1,-1
13440,26880,0,3.1887755102040818e-06,0.0,0.0,-1,-1
15680,26880,0,3.1887755102040818e-06,0.0,0.0,-1,-1
17920,26880,0,6.058673469387755e-05,0.0,0.0,-1,-1
20160,26880,0,2.5510204081632654e-05,0.0,0.0,-1,-1
22400,26880,0,7.334183673469388e-05,0.0,0.0,-1,-1
24640,26880,0,0.01206951530612245,0.0,0.0,-1,-1
26880,26880,0,1.594387755102041e-05,0.0,0.0,-1,-1
29120,26880,0,9.566326530612244e-06,0.0,0.0,-1,-1
31360,26880,0,3.1887755102040818e-06,0.0,0.0,-1,-1
33600,26880,0,3.1887755102040818e-06,0.0,0.0,-1,-1
35840,26880,0,3.1887755102040818e-06,0.0,0.0,-1,-1
38080,26880,0,5.420918367346939e-05,0.0,0.0,-1,-1
40320,26880,0,0.0,0.0,0.0,-1,-1
42560,26880,0,4.1454081632653064e-05,0.0,0.0,-1,-1
44800,26880,0,1.2755102040816327e-05,0.0,0.0,-1,-1
47040,26880,0,0.1474936224489796,0.0,0.0,-1,-1
49280,26880,1,0.8733514030612245,0.0,0.0,-1,-1
51520,26880,1,0.8995950255102041,0.0,0.0,-1,-1
53760,26880,1,0.9305293367346938,0.0,0.0,-1,-1
56000,26880,1,0.955921556122449,0.0,0.0,-1,-1
58240,26880,1,0.9714285714285714,0.13180432573668166,0.0,-1,-1
60480,26880,1,0.9252327806122449,0.547898912724067,0.0,0,0
62720,26880,1,0.9460267857142857,0.30904340252576573,0.0,-1,0
64960,26880,1,0.9384502551020408,0.16954565248947598,0.0,-1,-1
67200,26880,1,0.9506122448979591,0.0,0.0,-1,-1
69440,26880,1,0.9752104591836734,0.0,0.0,-1,-1
71680,26880,1,0.982764668367347,0.028063473405818395,0.0,-1,-1
73920,26880,1,0.9796524234693877,0.27696327478589056,0.0,-1,0
76160,26880,1,0.9755229591836735,0.49237915517491654,0.0,-1,0
78400,26880,1,0.9766007653061225,0.0,0.0,-1,-1
80640,26880,1,0.9806505102040817,0.0,0.0,-1,-1
82880,26880,1,0.9743813775510204,0.0,0.0,-1,-1
85120,26880,1,0.9482079081632653,0.0,0.0,-1,-1
87360,26880,1,0.9456600765306122,0.0,0.0,-1,-1
89600,26880,1,0.9229336734693877,0.0,0.0,-1,-1
91840,26880,1,0.7694132653061224,0.0,0.0,-1,-1
94080,26880,1,0.8955580357142857,0.0,0.0,-1,-1
96320,26880,1,0.9053443877551021,0.0,0.0,-1,-1
98560,26880,1,0.8789987244897959,0.0,0.0,-1,-1
100800,26880,0,0.2620376275510204,0.0,0.0,-1,-1
103040,26880,0,3.188775510204082e-05,0.0,0.0,-1,-1
105280,26880,0,9.566326530612244e-06,0.0,0.0,-1,-1
0,29120,0,1.2755102040816327e-05,0.0,0.0,-1,-1
2240,29120,0,3.1887755102040818e-06,0.0,0.0,-1,-1
4480,29120,0,9.566326530612244e-06,0.0,0.0,-1,-1
6720,29120,0,3.50765306122449e-05,0.0,0.0,-1,-1
8960,29120,0,9.566326530612244e-06,0.0,0.0,-1,-1
11200,29120,0,1.594387755102041e-05,0.0,0.0,-1,-1
13440,29120,0,9.566326530612244e-06,0.0,0.0,-1,-1
15680,29120,0,6.696428571428572e-05,0.0,0.0,-1,-1
17920,29120,0,7.334183673469388e-05,0.0,0.0,-1,-1
20160,29120,0,6.377551020408164e-05,0.0,0.0,-1,-1
22400,29120,0,0.0,0.0,0.0,-1,-1
24640,29120,0,6.3775510204081635e-06,0.0,0.0,-1,-1
26880,29120,0,0.00029655612244897957,0.0,0.0,-1,-1
29120,29120,0,1.594387755102041e-05,0.0,0.0,-1,-1
31360,29120,0,4.464285714285714e-05,0.0,0.0,-1,-1
33600,29120,0,6.3775510204081635e-06,0.0,0.0,-1,-1
35840,29120,0,0.0024330357142857144,0.0,0.0,-1,-1
38080,29120,0,2.5510204081632654e-05,0.0,0.0,-1,-1
40320,29120,0,6.3775510204081635e-06,0.0,0.0,-1,-1
42560,29120,0,2.5510204081632654e-05,0.0,0.0,-1,-1
44800,29120,0,0.24321747448979592,0.0,0.0,-1,-1
47040,29120,1,0.8178220663265307,0.0,0.0,-1,-1
49280,29120,1,0.9145376275510204,0.0,0.0,-1,-1
51520,29120,1,0.9097130102040817,0.0,0.0,-1,-1
53760,29120,1,0.9248373724489796,0.0,0.0,-1,-1
56000,29120,1,0.8998883928571428,0.25609756097560976,0.0,-1,0
58240,29120,1,0.972936862244898,0.6968851013811342,0.0,0,0
60480,29120,1,0.9816071428571429,0.6435157644259369,0.0,0,0
62720,29120,1,0.9754400510204082,0.6987951807228916,0.0,0,0
64960,29120,1,0.9748660714285714,0.8097267117249486,0.0,0,0
67200,29120,1,0.8785841836734694,0.13811342932706436,0.0,-1,-1
69440,29120,1,0.9743622448979592,0.1641198942109903,0.0,-1,-1
71680,29120,1,0.9840178571428572,0.5499702558001189,0.0,0,0
73920,29120,1,0.962155612244898,0.22965030855127827,0.0,-1,-1
76160,29120,1,0.9615019132653061,0.044078754040552455,0.0,-1,-1
78400,29120,1,0.9564700255102041,0.0,0.0,-1,-1
80640,29120,1,0.9793718112244898,0.0,0.0,-1,-1
82880,29120,1,0.9638169642857143,0.0,0.0,-1,-1
85120,29120,1,0.9496747448979592,0.0,0.0,-1,-1
87360,29120,1,0.9618207908163265,0.0,0.0,-1,-1
89600,29120,1,0.9225765306122449,0.0,0.0,-1,-1
91840,29120,1,0.924547193877551,0.0,0.0,-1,-1
94080,29120,1,0.9322257653061224,0.0,0.0,-1,-1
96320,29120,1,0.8978730867346939,0.0,0.0,-1,-1
98560,29120,1,0.885140306122449,0.0,0.0,-1,-1
100800,29120,0,0.3399011479591837,0.0,0.0,-1,-1
103040,29120,0,2.8698979591836733e-05,0.0,0.0,-1,-1
105280,29120,0,6.3775510204081635e-06,0.0,0.0,-1,-1
0,31360,0,2.5510204081632654e-05,0.0,0.0,-1,-1
2240,31360,0,1.2755102040816327e-05,0.0,0.0,-1,-1
4480,31360,0,7.971938775510203e-05,0.0,0.0,-1,-1
6720,31360,0,3.1887755102040818e-06,0.0,0.0,-1,-1
8960,31360,0,0.00010204081632653062,0.0,0.0,-1,-1
11200,31360,0,9.566326530612244e-06,0.0,0.0,-1,-1
13440,31360,0,7.334183673469388e-05,0.0,0.0,-1,-1
15680,31360,0,2.5510204081632654e-05,0.0,0.0,-1,-1
17920,31360,0,0.0,0.0,0.0,-1,-1
20160,31360,0,0.03517857142857143,0.0,0.0,-1,-1
22400,31360,0,0.19613520408163265,0.0,0.0,-1,-1
24640,31360,0,0.13163265306122449,0.0,0.0,-1,-1
26880,31360,0,9.566326530612244e-06,0.0,0.0,-1,-1
29120,31360,0,0.0,0.0,0.0,-1,-1
31360,31360,0,6.3775510204081635e-06,0.0,0.0,-1,-1
33600,31360,0,0.0,0.0,0.0,-1,-1
35840,31360,0,9.566326530612244e-06,0.0,0.0,-1,-1
38080,31360,0,0.0,0.0,0.0,-1,-1
40320,31360,0,0.0,0.0,0.0,-1,-1
42560,31360,0,0.011409438775510204,0.0,0.0,-1,-1
44800,31360,1,0.7614859693877551,0.0,0.0,-1,-1
47040,31360,1,0.8506186224489796,0.0,0.0,-1,-1
49280,31360,1,0.9623341836734693,0.0,0.0,-1,-1
51520,31360,1,0.9576785714285714,0.0,0.0,-1,-1
53760,31360,1,0.8942602040816326,0.0,0.0,-1,-1
56000,31360,1,0.9352614795918367,0.1519814196545217,0.0,-1,-1
58240,31360,1,0.9824298469387756,0.965307011177239,0.0,0,0
60480,31360,1,0.9698565051020408,0.2540405524537173,0.0,-1,0
62720,31360,1,0.9482015306122449,0.402380606764407,0.0,-1,0
64960,31360,1,0.9549011479591837,0.06401509653070112,0.0,-1,-1
67200,31360,1,0.8547480867346938,0.0,0.0,-1,-1
69440,31360,1,0.9607397959183673,0.12469153723327044,0.0,-1,-1
71680,31360,1,0.97234375,0.23214810461357627,0.0,-1,-1
73920,31360,1,0.8944547193877551,0.0,0.0,-1,-1
76160,31360,1,0.9652997448979592,0.008854695892001743,0.0,-1,-1
78400,31360,1,0.9706218112244898,0.21048047612135287,0.0,-1,-1
80640,31360,1,0.9689381377551021,0.026888039964736998,0.0,-1,-1
82880,31360,1,0.9711798469387755,0.0020322252866889243,0.0,-1,-1
85120,31360,1,0.9732684948979592,0.0,0.0,-1,-1
87360,31360,1,0.9717761479591837,0.0,0.0,-1,-1
89600,31360,1,0.9784088010204082,0.0,0.0,-1,-1
91840,31360,1,0.9591677295918367,0.0,0.0,-1,-1
94080,31360,1,0.9120184948979592,0.0,0.0,-1,-1
96320,31360,1,0.9031154336734694,0.0,0.0,-1,-1
98560,31360,1,0.8637978316326531,0.0,0.0,-1,-1
100800,31360,0,0.25801339285714286,0.0,0.0,-1,-1
103040,31360,0,5.7397959183673466e-05,0.0,0.0,-1,-1
105280,31360,0,6.377551020408164e-05,0.0,0.0,-1,-1
0,33600,0,5.102040816326531e-05,0.0,0.0,-1,-1
2240,33600,0,3.188775510204082e-05,0.0,0.0,-1,-1
4480,33600,0,3.188775510204082e-05,0.0,0.0,-1,-1
6720,33600,0,1.913265306122449e-05,0.0,0.0,-1,-1
8960,33600,0,8.928571428571429e-05,0.0,0.0,-1,-1
11200,33600,0,5.420918367346939e-05,0.0,0.0,-1,-1
13440,33600,0,0.0001052295918367347,0.0,0.0,-1,-1
15680,33600,0,0.3055484693877551,0.0,0.0,-1,-1
17920,33600,0,0.5208641581632653,0.0,0.0,-1,-1
20160,33600,0,0.5949489795918367,0.0,0.0,-1,-1
22400,33600,0,0.67828125,0.0,0.0,-1,-1
24640,33600,0,0.6779751275510204,0.0,0.0,-1,-1
26880,33600,0,0.0850031887755102,0.0,0.0,-1,-1
29120,33600,0,3.1887755102040818e-06,0.0,0.0,-1,-1
31360,33600,0,3.1887755102040818e-06,0.0,0.0,-1,-1
33600,33600,0,6.3775510204081635e-06,0.0,0.0,-1,-1
35840,33600,0,0.0,0.0,0.0,-1,-1
38080,33600,0,6.3775510204081635e-06,0.0,0.0,-1,-1
40320,33600,0,0.0,0.0,0.0,-1,-1
42560,33600,0,0.12556760204081632,0.0,0.0,-1,-1
44800,33600,1,0.8717697704081633,0.0,0.0,-1,-1
47040,33600,1,0.9414732142857143,0.0,0.0,-1,-1
49280,33600,1,0.9542697704081633,0.0,0.0,-1,-1
51520,33600,1,0.9194515306122449,0.0,0.0,-1,-1
53760,33600,1,0.9563966836734694,0.0,0.0,-1,-1
56000,33600,1,0.964343112244898,0.0,0.0,-1,-1
58240,33600,1,0.9678794642857143,0.06807954710407897,0.0,-1,-1
60480,33600,1,0.970092474489796,0.2049662062885689,0.0,-1,-1
62720,33600,1,0.9048820153061224,0.31760778051966904,0.0,-1,0
64960,33600,1,0.9289732142857143,0.0,0.0,-1,-1
67200,33600,1,0.8475605867346939,0.0,0.0,-1,-1
69440,33600,1,0.9481058673469388,0.0,0.0,-1,-1
71680,33600,1,0.9588679846938776,0.0,0.0,-1,-1
73920,33600,1,0.9338520408163266,0.0,0.0,-1,-1
76160,33600,1,0.9723724489795919,0.04862824793148498,0.0,-1,-1
78400,33600,1,0.9705867346938776,0.5463782842212223,0.0,0,0
80640,33600,1,0.9696556122448979,0.24169850132236262,0.0,-1,-1
82880,33600,1,0.969607780612245,0.3311075627812455,0.0,-1,0
85120,33600,1,0.9670727040816327,0.0,0.0,-1,-1
87360,33600,1,0.9600733418367347,0.0,0.0,-1,-1
89600,33600,1,0.9793335459183673,0.0,0.0,-1,-1
91840,33600,1,0.9853316326530612,0.0,0.0,-1,-1
94080,33600,1,0.751546556122449,0.0,0.0,-1,-1
96320,33600,0,0.6963616071428571,0.0,0.0,-1,-1
98560,33600,1,0.8806536989795918,0.0,0.0,-1,-1
100800,33600,0,0.25728954081632655,0.0,0.0,-1,-1
103040,33600,0,2.5510204081632654e-05,0.0,0.0,-1,-1
105280,33600,0,0.0001403061224489796,0.0,0.0,-1,-1
0,35840,0,1.594387755102041e-05,0.0,0.0,-1,-1
2240,35840,0,9.566326530612244e-06,0.0,0.0,-1,-1
4480,35840,0,6.377551020408164e-05,0.0,0.0,-1,-1
6720,35840,0,0.0023565051020408164,0.0,0.0,-1,-1
8960,35840,0,2.8698979591836733e-05,0.0,0.0,-1,-1
11200,35840,0,6.3775510204081635e-06,0.0,0.0,-1,-1
13440,35840,0,0.003903061224489796,0.0,0.0,-1,-1
15680,35840,0,0.5793813775510204,0.0,0.0,-1,-1
17920,35840,0,0.6178698979591837,0.0,0.0,-1,-1
20160,35840,0,0.2656823979591837,0.0,0.0,-1,-1
22400,35840,0,0.10599170918367347,0.0,0.0,-1,-1
24640,35840,0,0.6090911989795919,0.0,0.0,-1,-1
26880,35840,0,0.22114477040816327,0.0,0.0,-1,-1
29120,35840,0,2.5510204081632654e-05,0.0,0.0,-1,-1
31360,35840,0,0.0,0.0,0.0,-1,-1
33600,35840,0,0.00019451530612244898,0.0,0.0,-1,-1
35840,35840,0,0.00010841836734693877,0.0,0.0,-1,-1
38080,35840,0,4.464285714285714e-05,0.0,0.0,-1,-1
40320,35840,0,0.00013392857142857144,0.0,0.0,-1,-1
42560,35840,0,0.05624043367346939,0.0,0.0,-1,-1
44800,35840,1,0.73,0.0,0.0,-1,-1
47040,35840,1,0.8832302295918367,0.0,0.0,-1,-1
49280,35840,1,0.8939190051020408,0.0,0.0,-1,-1
51520,35840,1,0.8981154336734694,0.0,0.0,-1,-1
53760,35840,1,0.9467602040816326,0.0,0.0,-1,-1
56000,35840,1,0.9520950255102041,0.0,0.0,-1,-1
58240,35840,1,0.9606951530612244,0.0,0.0,-1,-1
60480,35840,1,0.8973054846938775,0.37481633852483104,0.0,-1,0
62720,35840,1,0.9374776785714286,0.6776019741617071,0.0,0,0
64960,35840,1,0.8240146683673469,0.006386993758165191,0.0,-1,-1
67200,35840,0,0.6986734693877551,0.0,0.0,-1,-1
69440,35840,1,0.9190880102040816,0.0,0.0,-1,-1
71680,35840,1,0.9698883928571429,0.0,0.0,-1,-1
73920,35840,1,0.9678539540816327,0.0,0.0,-1,-1
76160,35840,1,0.9582174744897959,0.0,0.0,-1,-1
78400,35840,1,0.9275860969387755,0.0,0.0,-1,-1
80640,35840,1,0.9503985969387755,0.12224507787246547,0.0,-1,-1
82880,35840,1,0.9835395408163266,0.31499491943678326,0.0,-1,0
85120,35840,1,0.9505994897959184,0.0,0.0,-1,-1
87360,35840,1,0.9811989795918368,0.0,0.0,-1,-1
89600,35840,1,0.9762786989795919,0.0,0.0,-1,-1
91840,35840,1,0.9681664540816326,0.0,0.0,-1,-1
94080,35840,1,0.9083545918367347,0.0,0.0,-1,-1
96320,35840,1,0.9087914540816326,0.0,0.0,-1,-1
98560,35840,1,0.768545918367347,0.0,0.0,-1,-1
100800,35840,0,0.1849266581632653,0.0,0.0,-1,-1
103040,35840,0,6.3775510204081635e-06,0.0,0.0,-1,-1
105280,35840,0,0.0013743622448979592,0.0,0.0,-1,-1
0,38080,0,0.00018176020408163266,0.0,0.0,-1,-1
2240,38080,0,8.60969387755102e-05,0.0,0.0,-1,-1
4480,38080,0,1.594387755102041e-05,0.0,0.0,-1,-1
6720,38080,0,1.2755102040816327e-05,0.0,0.0,-1,-1
8960,38080,0,1.913265306122449e-05,0.0,0.0,-1,-1
11200,38080,0,3.1887755102040818e-06,0.0,0.0,-1,-1
13440,38080,0,0.03373405612244898,0.0,0.0,-1,-1
15680,38080,0,0.5417952806122449,0.0,0.0,-1,-1
17920,38080,0,0.46260841836734695,0.0,0.0,-1,-1
20160,38080,0,0.13458545918367346,0.0,0.0,-1,-1
22400,38080,0,0.1610905612244898,0.0,0.0,-1,-1
24640,38080,0,0.48215561224489795,0.0,0.0,-1,-1
26880,38080,0,0.43399553571428573,0.0,0.0,-1,-1
29120,38080,0,0.0,0.0,0.0,-1,-1
31360,38080,0,0.011052295918367348,0.0,0.0,-1,-1
33600,38080,0,0.33527423469387757,0.0,0.0,-1,-1
35840,38080,0,0.5233322704081632,0.0,0.0,-1,-1
38080,38080,0,0.18547193877551021,0.0,0.0,-1,-1
40320,38080,0,0.0004942602040816326,0.0,0.0,-1,-1
42560,38080,0,0.04674107142857143,0.0,0.0,-1,-1
44800,38080,0,0.6693048469387755,0.0,0.0,-1,-1
47040,38080,1,0.8226147959183674,0.0,0.0,-1,-1
49280,38080,1,0.8703762755102041,0.0,0.0,-1,-1
51520,38080,1,0.9516804846938776,0.0,0.0,-1,-1
53760,38080,1,0.9019802295918368,0.0,0.0,-1,-1
56000,38080,1,0.9634470663265307,0.0,0.0,-1,-1
58240,38080,1,0.9458960459183674,0.0,0.0,-1,-1
60480,38080,1,0.9741422193877551,0.0,0.0,-1,-1
62720,38080,1,0.9265625,0.0,0.0,-1,-1
64960,38080,1,0.9295216836734694,0.0,0.0,-1,-1
67200,38080,1,0.8057621173469388,0.0,0.0,-1,-1
69440,38080,1,0.8272767857142858,0.0930468863405429,0.0,-1,-1
71680,38080,1,0.9424649234693877,0.06332647663826035,0.0,-1,-1
73920,38080,1,0.8879815051020408,0.0,0.0,-1,-1
76160,38080,1,0.9294483418367347,0.0,0.0,-1,-1
78400,38080,1,0.9179145408163265,0.0,0.0,-1,-1
80640,38080,1,0.9517729591836734,0.0,0.0,-1,-1
82880,38080,1,0.9336639030612245,0.0,0.0,-1,-1
85120,38080,1,0.9635267857142857,0.0,0.0,-1,-1
87360,38080,1,0.9616135204081633,0.0,0.0,-1,-1
89600,38080,1,0.9480261479591837,0.0,0.0,-1,-1
91840,38080,1,0.941686862244898,0.0,0.0,-1,-1
94080,38080,1,0.9644292091836735,0.0,0.0,-1,-1
96320,38080,1,0.9631792091836735,0.0,0.0,-1,-1
98560,38080,1,0.9616996173469388,0.0,0.0,-1,-1
100800,38080,0,0.1261639030612245,0.0,0.0,-1,-1
103040,38080,0,2.232142857142857e-05,0.0,0.0,-1,-1
105280,38080,0,5.7397959183673466e-05,0.0,0.0,-1,-1
0,40320,0,1.913265306122449e-05,0.0,0.0,-1,-1
2240,40320,0,5.102040816326531e-05,0.0,0.0,-1,-1
4480,40320,0,6.696428571428572e-05,0.0,0.0,-1,-1
6720,40320,0,9.247448979591836e-05,0.0,0.0,-1,-1
8960,40320,0,1.2755102040816327e-05,0.0,0.0,-1,-1
11200,40320,0,7.334183673469388e-05,0.0,0.0,-1,-1
13440,40320,0,0.1850829081632653,0.0,0.0,-1,-1
15680,40320,0,0.6477136479591836,0.0,0.0,-1,-1
17920,40320,0,0.343609693877551,0.0,0.0,-1,-1
20160,40320,0,0.15787946428571428,0.0,0.0,-1,-1
22400,40320,0,0.14811224489795918,0.0,0.0,-1,-1
24640,40320,0,0.2879623724489796,0.0,0.0,-1,-1
26880,40320,0,0.6041517857142857,0.0,0.0,-1,-1
29120,40320,0,0.028619260204081634,0.0,0.0,-1,-1
31360,40320,0,0.5146651785714286,0.0,0.0,-1,-1
33600,40320,0,0.685015943877551,0.0,0.0,-1,-1
35840,40320,0,0.49759247448979593,0.0,0.0,-1,-1
38080,40320,0,0.6676498724489796,0.0,0.0,-1,-1
40320,40320,0,0.004789540816326531,0.0,0.0,-1,-1
42560,40320,0,0.2520344387755102,0.0,0.0,-1,-1
44800,40320,1,0.8744642857142857,0.0,0.0,-1,-1
47040,40320,1,0.8976243622448979,0.0,0.0,-1,-1
49280,40320,1,0.9518877551020408,0.0,0.0,-1,-1
51520,40320,1,0.9689732142857143,0.0,0.0,-1,-1
53760,40320,1,0.960688775510204,0.08419042021745518,0.0,-1,-1
56000,40320,1,0.969735331632653,0.2090802233323538,0.0,-1,-1
58240,40320,1,0.9168781887755102,0.0,0.0,-1,-1
60480,40320,1,0.7869674744897959,0.1023200475907198,0.0,-1,-1
62720,40320,1,0.9568112244897959,0.1863062004114017,0.0,-1,-1
64960,40320,1,0.8670567602040816,0.0,0.0,-1,-1
67200,40320,1,0.749968112244898,0.0,0.0,-1,-1
69440,40320,1,0.808702168367347,0.0,0.0,-1,-1
71680,40320,1,0.8762818877551021,0.0,0.0,-1,-1
73920,40320,1,0.9525510204081633,0.0,0.0,-1,-1
76160,40320,1,0.9428220663265307,0.0,0.0,-1,-1
78400,40320,1,0.9547098214285714,0.0,0.0,-1,-1
80640,40320,1,0.8493367346938776,0.0,0.0,-1,-1
82880,40320,0,0.6353348214285715,0.0,0.0,-1,-1
85120,40320,1,0.8186702806122449,0.0,0.0,-1,-1
87360,40320,1,0.8621364795918367,0.0,0.0,-1,-1
89600,40320,1,0.8879719387755102,0.0,0.0,-1,-1
91840,40320,1,0.9350382653061224,0.0,0.0,-1,-1
94080,40320,1,0.9651052295918368,0.0,0.0,-1,-1
96320,40320,1,0.9124936224489796,0.0,0.0,-1,-1
98560,40320,1,0.965188137755102,0.0,0.0,-1,-1
100800,40320,0,0.0400765306122449,0.0,0.0,-1,-1
103040,40320,0,0.0,0.0,0.0,-1,-1
105280,40320,0,0.00011798469387755103,0.0,0.0,-1,-1
0,42560,0,0.0021269132653061224,0.0,0.0,-1,-1
2240,42560,0,5.7397959183673466e-05,0.0,0.0,-1,-1
4480,42560,0,4.464285714285714e-05,0.0,0.0,-1,-1
6720,42560,0,0.0,0.0,0.0,-1,-1
8960,42560,0,0.00022002551020408164,0.0,0.0,-1,-1
11200,42560,0,3.826530612244898e-05,0.0,0.0,-1,-1
13440,42560,0,0.30943239795918365,0.0,0.0,-1,-1
15680,42560,0,0.5887276785714286,0.0,0.0,-1,-1
17920,42560,0,0.18552295918367348,0.0,0.0,-1,-1
20160,42560,0,0.209078443877551,0.0,0.0,-1,-1
22400,42560,0,0.17978635204081633,0.0,0.0,-1,-1
24640,42560,0,0.10684630102040817,0.0,0.0,-1,-1
26880,42560,1,0.7178730867346939,0.0,0.0,-1,-1
29120,42560,0,0.6780261479591837,0.0,0.0,-1,-1
31360,42560,1,0.7336798469387755,0.0,0.0,-1,-1
33600,42560,0,0.18281887755102041,0.0,0.0,-1,-1
35840,42560,0,0.21858418367346938,0.0,0.0,-1,-1
38080,42560,1,0.7183290816326531,0.0,0.0,-1,-1
40320,42560,0,0.044081632653061226,0.0,0.0,-1,-1
42560,42560,0,0.39834183673469387,0.0,0.0,-1,-1
44800,42560,1,0.9421428571428572,0.0,0.0,-1,-1
47040,42560,1,0.9659438775510204,0.0,0.0,-1,-1
49280,42560,1,0.9766900510204082,0.0,0.0,-1,-1
51520,42560,1,0.977063137755102,0.0005806357961968355,0.0,-1,-1
53760,42560,1,0.9655102040816327,0.2805922485121208,0.0,-1,0
56000,42560,1,0.9403411989795918,0.1566265060240964,0.0,-1,-1
58240,42560,1,0.9098852040816326,0.0,0.0,-1,-1
60480,42560,1,0.8581919642857143,0.06655891860123421,0.0,-1,-1
62720,42560,1,0.9552168367346939,0.7314559442589635,0.0,0,0
64960,42560,1,0.8625350765306122,0.012628828567281173,0.0,-1,-1
67200,42560,1,0.7517761479591837,0.0,0.0,-1,-1
69440,42560,1,0.8011128826530612,0.0,0.0,-1,-1
71680,42560,1,0.927484056122449,0.0,0.0,-1,-1
73920,42560,1,0.9820758928571428,0.0,0.0,-1,-1
76160,42560,1,0.9767219387755102,0.0,0.0,-1,-1
78400,42560,0,0.6300031887755102,0.0,0.0,-1,-1
80640,42560,1,0.736938775510204,0.0,0.0,-1,-1
82880,42560,1,0.8952264030612245,0.0,0.0,-1,-1
85120,42560,1,0.8095216836734694,0.0,0.0,-1,-1
87360,42560,1,0.7155070153061225,0.0,0.0,-1,-1
89600,42560,1,0.9221779336734693,0.0,0.0,-1,-1
91840,42560,1,0.8984024234693877,0.0,0.0,-1,-1
94080,42560,1,0.9220886479591837,0.0,0.0,-1,-1
96320,42560,1,0.838109056122449,0.0,0.0,-1,-1
98560,42560,1,0.8409343112244898,0.0,0.0,-1,-1
100800,42560,0,0.007962372448979592,0.0,0.0,-1,-1
103040,42560,0,0.0001371173469387755,0.0,0.0,-1,-1
105280,42560,0,0.0,0.0,0.0,-1,-1
0,44800,0,9.566326530612244e-06,0.0,0.0,-1,-1
2240,44800,0,8.60969387755102e-05,0.0,0.0,-1,-1
4480,44800,0,9.566326530612244e-06,0.0,0.0,-1,-1
6720,44800,0,9.566326530612244e-06,0.0,0.0,-1,-1
8960,44800,0,1.594387755102041e-05,0.0,0.0,-1,-1
11200,44800,0,6.3775510204081635e-06,0.0,0.0,-1,-1
13440,44800,0,0.1649968112244898,0.0,0.0,-1,-1
15680,44800,0,0.20596301020408164,0.0,0.0,-1,-1
17920,44800,0,0.22883609693877552,0.0,0.0,-1,-1
20160,44800,0,0.5159406887755102,0.0,0.0,-1,-1
22400,44800,0,0.6689445153061224,0.0,0.0,-1,-1
24640,44800,0,0.6325924744897959,0.0,0.0,-1,-1
26880,44800,0,0.43838329081632654,0.0,0.0,-1,-1
29120,44800,0,0.5671938775510204,0.0,0.0,-1,-1
31360,44800,0,0.4284247448979592,0.0,0.0,-1,-1
33600,44800,0,0.45730548469387755,0.0,0.0,-1,-1
35840,44800,0,0.14811543367346938,0.0,0.0,-1,-1
38080,44800,1,0.7671619897959183,0.0,0.0,-1,-1
40320,44800,0,0.18876275510204082,0.0,0.0,-1,-1
42560,44800,0,0.34096619897959185,0.0,0.0,-1,-1
44800,44800,1,0.8933609693877551,0.0,0.0,-1,-1
47040,44800,1,0.8589732142857143,0.0,0.0,-1,-1
49280,44800,1,0.8971619897959183,0.0,0.0,-1,-1
51520,44800,1,0.8996747448979592,0.0,0.0,-1,-1
53760,44800,1,0.9571205357142857,0.002322543184787342,0.0,-1,-1
56000,44800,1,0.8739381377551021,0.0,0.0,-1,-1
58240,44800,1,0.8251658163265306,0.0,0.0,-1,-1
60480,44800,0,0.6888105867346939,0.0,0.0,-1,-1
62720,44800,1,0.8123820153061224,0.06256350704020903,0.0,-1,-1
64960,44800,1,0.8520695153061224,0.0,0.0,-1,-1
67200,44800,1,0.8787308673469387,0.0,0.0,-1,-1
69440,44800,1,0.9225860969387755,0.0,0.0,-1,-1
71680,44800,1,0.961422193877551,0.0,0.0,-1,-1
73920,44800,1,0.9407206632653061,0.0,0.0,-1,-1
76160,44800,1,0.9129113520408163,0.0,0.0,-1,-1
78400,44800,1,0.7880612244897959,0.0,0.0,-1,-1
80640,44800,0,0.45125,0.0,0.0,-1,-1
82880,44800,0,0.19134885204081634,0.0,0.0,-1,-1
85120,44800,0,0.28480867346938776,0.0,0.0,-1,-1
87360,44800,0,0.4588424744897959,0.0,0.0,-1,-1
89600,44800,0,0.5666517857142858,0.0,0.0,-1,-1
91840,44800,0,0.6642315051020408,0.0,0.0,-1,-1
94080,44800,1,0.73890625,0.0,0.0,-1,-1
96320,44800,1,0.8648469387755102,0.0,0.0,-1,-1
98560,44800,1,0.8333258928571429,0.0,0.0,-1,-1
100800,44800,0,0.030255102040816325,0.0,0.0,-1,-1
103040,44800,0,0.0,0.0,0.0,-1,-1
105280,44800,0,1.913265306122449e-05,0.0,0.0,-1,-1
0,47040,0,0.00014349489795918369,0.0,0.0,-1,-1
2240,47040,0,5.420918367346939e-05,0.0,0.0,-1,-1
4480,47040,0,0.0003125,0.0,0.0,-1,-1
6720,47040,0,0.0061766581632653065,0.0,0.0,-1,-1
8960,47040,0,0.04251594387755102,0.0,0.0,-1,-1
11200,47040,0,0.037949617346938774,0.0,0.0,-1,-1
13440,47040,0,0.6734885204081633,0.0,0.0,-1,-1
15680,47040,1,0.7802551020408163,0.0,0.0,-1,-1
17920,47040,1,0.8589413265306123,0.0,0.0,-1,-1
20160,47040,1,0.9012117346938775,0.0,0.0,-1,-1
22400,47040,1,0.9290561224489796,0.0,0.0,-1,-1
24640,47040,1,0.8350446428571429,0.0,0.0,-1,-1
26880,47040,1,0.9495727040816326,0.0,0.0,-1,-1
29120,47040,1,0.9436766581632653,0.0,0.0,-1,-1
31360,47040,1,0.9052232142857143,0.0,0.0,-1,-1
33600,47040,1,0.7953061224489796,0.0,0.0,-1,-1
35840,47040,0,0.2760140306122449,0.0,0.0,-1,-1
38080,47040,0,0.5796396683673469,0.0,0.0,-1,-1
40320,47040,0,0.6330580357142858,0.0,0.0,-1,-1
42560,47040,0,0.27036670918367345,0.0,0.0,-1,-1
44800,47040,0,0.29916135204081634,0.0,0.0,-1,-1
47040,47040,0,0.4560554846938776,0.0,0.0,-1,-1
49280,47040,0,0.5985204081632653,0.0,0.0,-1,-1
51520,47040,1,0.8513233418367347,0.0,0.0,-1,-1
53760,47040,1,0.8079081632653061,0.0,0.0,-1,-1
56000,47040,0,0.5276785714285714,0.0,0.0,-1,-1
58240,47040,0,0.5921970663265306,0.0,0.0,-1,-1
60480,47040,1,0.706530612244898,0.0,0.0,-1,-1
62720,47040,1,0.8896843112244898,0.0,0.0,-1,-1
64960,47040,1,0.8769738520408163,0.0,0.0,-1,-1
67200,47040,1,0.9283003826530613,0.0,0.0,-1,-1
69440,47040,1,0.902952806122449,0.0,0.0,-1,-1
71680,47040,1,0.7393048469387755,0.0,0.0,-1,-1
73920,47040,0,0.6130771683673469,0.0,0.0,-1,-1
76160,47040,0,0.3129272959183673,0.0,0.0,-1,-1
78400,47040,0,0.17370535714285715,0.0,0.0,-1,-1
80640,47040,0,0.053316326530612246,0.0,0.0,-1,-1
82880,47040,0,0.03076530612244898,0.0,0.0,-1,-1
85120,47040,0,0.03524872448979592,0.0,0.0,-1,-1
87360,47040,0,0.02356186224489796,0.0,0.0,-1,-1
89600,47040,0,0.03761479591836735,0.0,0.0,-1,-1
91840,47040,0,0.2064891581632653,0.0,0.0,-1,-1
94080,47040,0,0.06220344387755102,0.0,0.0,-1,-1
96320,47040,0,0.1806919642857143,0.0,0.0,-1,-1
98560,47040,0,0.451546556122449,0.0,0.0,-1,-1
100800,47040,0,0.01215561224489796,0.0,0.0,-1,-1
103040,47040,0,0.0,0.0,0.0,-1,-1
105280,47040,0,2.8698979591836733e-05,0.0,0.0,-1,-1
0,49280,0,0.00013392857142857144,0.0,0.0,-1,-1
2240,49280,0,3.826530612244898e-05,0.0,0.0,-1,-1
4480,49280,0,0.00021683673469387755,0.0,0.0,-1,-1
6720,49280,0,0.006112882653061224,0.0,0.0,-1,-1
8960,49280,0,0.014323979591836735,0.0,0.0,-1,-1
11200,49280,0,0.06517857142857143,0.0,0.0,-1,-1
13440,49280,0,0.38605229591836737,0.0,0.0,-1,-1
15680,49280,0,0.6461830357142857,0.0,0.0,-1,-1
17920,49280,1,0.7970280612244898,0.0,0.0,-1,-1
20160,49280,1,0.9418813775510204,0.0,0.0,-1,-1
22400,49280,1,0.97125,0.0,0.0,-1,-1
24640,49280,1,0.9576084183673469,0.0,0.0,-1,-1
26880,49280,1,0.9236447704081633,0.0,0.0,-1,-1
29120,49280,1,0.979375,0.0,0.0,-1,-1
31360,49280,1,0.9640975765306122,0.0,0.0,-1,-1
33600,49280,1,0.9313871173469388,0.0,0.0,-1,-1
35840,49280,1,0.7671301020408163,0.0,0.0,-1,-1
38080,49280,0,0.4172417091836735,0.0,0.0,-1,-1
40320,49280,1,0.701875,0.0,0.0,-1,-1
42560,49280,1,0.8139094387755103,0.0,0.0,-1,-1
44800,49280,1,0.7937755102040817,0.0,0.0,-1,-1
47040,49280,1,0.8030803571428572,0.0,0.0,-1,-1
49280,49280,1,0.7729942602040817,0.0,0.0,-1,-1
51520,49280,1,0.7691007653061225,0.0,0.0,-1,-1
53760,49280,0,0.6493207908163265,0.0,0.0,-1,-1
56000,49280,1,0.8975733418367347,0.0,0.0,-1,-1
58240,49280,1,0.9070440051020409,0.0,0.0,-1,-1
60480,49280,1,0.9075829081632653,0.0,0.0,-1,-1
62720,49280,1,0.9588456632653061,0.0,0.0,-1,-1
64960,49280,1,0.8343781887755102,0.0,0.0,-1,-1
67200,49280,0,0.4183482142857143,0.0,0.0,-1,-1
69440,49280,0,0.16628826530612245,0.0,0.0,-1,-1
71680,49280,0,0.12011479591836735,0.0,0.0,-1,-1
73920,49280,0,0.09567602040816327,0.0,0.0,-1,-1
76160,49280,0,0.05731505102040816,0.0,0.0,-1,-1
78400,49280,0,0.09122448979591836,0.0,0.0,-1,-1
80640,49280,0,0.01331313775510204,0.0,0.0,-1,-1
82880,49280,0,0.06410076530612245,0.0,0.0,-1,-1
85120,49280,0,0.035191326530612244,0.0,0.0,-1,-1
87360,49280,0,0.017662627551020407,0.0,0.0,-1,-1
89600,49280,0,0.04630739795918367,0.0,0.0,-1,-1
91840,49280,0,0.15411352040816326,0.0,0.0,-1,-1
94080,49280,0,0.03081951530612245,0.0,0.0,-1,-1
96320,49280,0,0.03486607142857143,0.0,0.0,-1,-1
98560,49280,0,0.06502551020408164,0.0,0.0,-1,-1
100800,49280,0,0.0,0.0,0.0,-1,-1
103040,49280,0,5.102040816326531e-05,0.0,0.0,-1,-1
105280,49280,0,3.1887755102040818e-06,0.0,0.0,-1,-1
0,51520,0,6.058673469387755e-05,0.0,0.0,-1,-1
2240,51520,0,0.00011798469387755103,0.0,0.0,-1,-1
4480,51520,0,0.00031568877551020407,0.0,0.0,-1,-1
6720,51520,0,0.010165816326530613,0.0,0.0,-1,-1
8960,51520,0,0.03134566326530612,0.0,0.0,-1,-1
11200,51520,0,0.008125,0.0,0.0,-1,-1
13440,51520,0,0.01260204081632653,0.0,0.0,-1,-1
15680,51520,0,0.024502551020408162,0.0,0.0,-1,-1
17920,51520,0,0.10334183673469388,0.0,0.0,-1,-1
20160,51520,0,0.4696141581632653,0.0,0.0,-1,-1
22400,51520,1,0.7048915816326531,0.0,0.0,-1,-1
24640,51520,1,0.7950095663265306,0.0,0.0,-1,-1
26880,51520,1,0.8130389030612245,0.0,0.0,-1,-1
29120,51520,1,0.9828443877551021,0.0,0.0,-1,-1
31360,51520,1,0.9428348214285714,0.0,0.0,-1,-1
33600,51520,1,0.953156887755102,0.0,0.0,-1,-1
35840,51520,1,0.9457684948979592,0.0,0.0,-1,-1
38080,51520,1,0.8200988520408163,0.0,0.0,-1,-1
40320,51520,0,0.6393016581632653,0.0,0.0,-1,-1
42560,51520,1,0.7633832908163265,0.0,0.0,-1,-1
44800,51520,1,0.7165210459183673,0.0,0.0,-1,-1
47040,51520,1,0.8323883928571428,0.0,0.0,-1,-1
49280,51520,1,0.7978794642857143,0.0,0.0,-1,-1
51520,51520,1,0.9591900510204082,0.0,0.0,-1,-1
53760,51520,1,0.913826530612245,0.0,0.0,-1,-1
56000,51520,1,0.9487914540816327,0.0,0.0,-1,-1
58240,51520,1,0.7929432397959184,0.0,0.0,-1,-1
60480,51520,0,0.6130612244897959,0.0,0.0,-1,-1
62720,51520,0,0.5205931122448979,0.0,0.0,-1,-1
64960,51520,0,0.21392219387755101,0.0,0.0,-1,-1
67200,51520,0,0.12146364795918367,0.0,0.0,-1,-1
69440,51520,0,0.11198022959183673,0.0,0.0,-1,-1
71680,51520,0,0.07445471938775511,0.0,0.0,-1,-1
73920,51520,0,0.13253188775510205,0.0,0.0,-1,-1
76160,51520,0,0.07083864795918367,0.0,0.0,-1,-1
78400,51520,0,0.0980484693877551,0.0,0.0,-1,-1
80640,51520,0,0.02639030612244898,0.0,0.0,-1,-1
82880,51520,0,0.03529974489795919,0.0,0.0,-1,-1
85120,51520,0,0.013042091836734694,0.0,0.0,-1,-1
87360,51520,0,0.04911670918367347,0.0,0.0,-1,-1
89600,51520,0,0.12560586734693877,0.0,0.0,-1,-1
91840,51520,0,0.11672512755102041,0.0,0.0,-1,-1
94080,51520,0,0.1454719387755102,0.0,0.0,-1,-1
96320,51520,0,0.14292410714285714,0.0,0.0,-1,-1
98560,51520,0,0.08752232142857143,0.0,0.0,-1,-1
100800,51520,0,0.0,0.0,0.0,-1,-1
103040,51520,0,9.885204081632654e-05,0.0,0.0,-1,-1
105280,51520,0,0.0,0.0,0.0,-1,-1
0,53760,0,6.377551020408164e-05,0.0,0.0,-1,-1
2240,53760,0,0.00019451530612244898,0.0,0.0,-1,-1
4480,53760,0,0.048083545918367346,0.0,0.0,-1,-1
6720,53760,0,0.008692602040816327,0.0,0.0,-1,-1
8960,53760,0,0.021524234693877552,0.0,0.0,-1,-1
11200,53760,0,0.005988520408163265,0.0,0.0,-1,-1
13440,53760,0,0.004368622448979592,0.0,0.0,-1,-1
15680,53760,0,0.009311224489795919,0.0,0.0,-1,-1
17920,53760,0,0.03676977040816327,0.0,0.0,-1,-1
20160,53760,0,0.07790178571428572,0.0,0.0,-1,-1
22400,53760,0,0.07706313775510204,0.0,0.0,-1,-1
24640,53760,0,0.10762117346938775,0.0,0.0,-1,-1
26880,53760,0,0.15927933673469388,0.0,0.0,-1,-1
29120,53760,0,0.27919005102040817,0.0,0.0,-1,-1
31360,53760,0,0.3730389030612245,0.0,0.0,-1,-1
33600,53760,0,0.528421556122449,0.0,0.0,-1,-1
35840,53760,1,0.7113934948979592,0.0,0.0,-1,-1
38080,53760,1,0.7701626275510204,0.0,0.0,-1,-1
40320,53760,1,0.7502933673469387,0.0,0.0,-1,-1
42560,53760,1,0.767219387755102,0.0,0.0,-1,-1
44800,53760,1,0.7586128826530613,0.0,0.0,-1,-1
47040,53760,1,0.7625095663265307,0.0,0.0,-1,-1
49280,53760,0,0.691390306122449,0.0,0.0,-1,-1
51520,53760,0,0.5405229591836734,0.0,0.0,-1,-1
53760,53760,0,0.44345344387755103,0.0,0.0,-1,-1
56000,53760,0,0.2965497448979592,0.0,0.0,-1,-1
58240,53760,0,0.25736926020408163,0.0,0.0,-1,-1
60480,53760,0,0.1945216836734694,0.0,0.0,-1,-1
62720,53760,0,0.41782206632653063,0.0,0.0,-1,-1
64960,53760,0,0.6041326530612245,0.0,0.0,-1,-1
67200,53760,0,0.2417952806122449,0.0,0.0,-1,-1
69440,53760,0,0.049572704081632654,0.0,0.0,-1,-1
71680,53760,0,0.03309630102040816,0.0,0.0,-1,-1
73920,53760,0,0.03655612244897959,0.0,0.0,-1,-1
76160,53760,0,0.05177933673469388,0.0,0.0,-1,-1
78400,53760,0,0.07367984693877551,0.0,0.0,-1,-1
80640,53760,0,0.057793367346938775,0.0,0.0,-1,-1
82880,53760,0,0.027994260204081634,0.0,0.0,-1,-1
85120,53760,0,0.04157844387755102,0.0,0.0,-1,-1
87360,53760,0,0.08518813775510205,0.0,0.0,-1,-1
89600,53760,0,0.008220663265306122,0.0,0.0,-1,-1
91840,53760,0,0.015462372448979592,0.0,0.0,-1,-1
94080,53760,0,0.019588647959183674,0.0,0.0,-1,-1
96320,53760,0,0.028855229591836735,0.0,0.0,-1,-1
98560,53760,0,0.03248405612244898,0.0,0.0,-1,-1
100800,53760,0,0.0,0.0,0.0,-1,-1
103040,53760,0,0.0,0.0,0.0,-1,-1
105280,53760,0,0.0,0.0,0.0,-1,-1
0,56000,0,0.00026466836734693875,0.0,0.0,-1,-1
2240,56000,0,0.0004878826530612245,0.0,0.0,-1,-1
4480,56000,0,0.037321428571428575,0.0,0.0,-1,-1
6720,56000,0,0.04902742346938776,0.0,0.0,-1,-1
8960,56000,0,0.021731505102040815,0.0,0.0,-1,-1
11200,56000,0,0.016189413265306124,0.0,0.0,-1,-1
13440,56000,0,0.010057397959183673,0.0,0.0,-1,-1
15680,56000,0,0.01171875,0.0,0.0,-1,-1
17920,56000,0,0.04203762755102041,0.0,0.0,-1,-1
20160,56000,0,0.026808035714285715,0.0,0.0,-1,-1
22400,56000,0,0.022901785714285715,0.0,0.0,-1,-1
24640,56000,0,0.011096938775510204,0.0,0.0,-1,-1
26880,56000,0,0.005331632653061224,0.0,0.0,-1,-1
29120,56000,0,0.005573979591836735,0.0,0.0,-1,-1
31360,56000,0,0.0053156887755102045,0.0,0.0,-1,-1
33600,56000,0,0.016776147959183675,0.0,0.0,-1,-1
35840,56000,0,0.08519770408163266,0.0,0.0,-1,-1
38080,56000,0,0.08333545918367347,0.0,0.0,-1,-1
40320,56000,0,0.05828125,0.0,0.0,-1,-1
42560,56000,0,0.062286352040816326,0.0,0.0,-1,-1
44800,56000,0,0.05299107142857143,0.0,0.0,-1,-1
47040,56000,0,0.04887436224489796,0.0,0.0,-1,-1
49280,56000,0,0.09923469387755102,0.0,0.0,-1,-1
51520,56000,0,0.1712595663265306,0.0,0.0,-1,-1
53760,56000,0,0.14864477040816326,0.0,0.0,-1,-1
56000,56000,0,0.11368303571428572,0.0,0.0,-1,-1
58240,56000,0,0.2120950255102041,0.0,0.0,-1,-1
60480,56000,1,0.7233737244897959,0.0,0.0,-1,-1
62720,56000,1,0.8979081632653061,0.0,0.0,-1,-1
64960,56000,1,0.8103220663265306,0.0,0.0,-1,-1
67200,56000,0,0.15230867346938776,0.0,0.0,-1,-1
69440,56000,0,0.036533801020408166,0.0,0.0,-1,-1
71680,56000,0,0.019512117346938775,0.0,0.0,-1,-1
73920,56000,0,0.028364158163265304,0.0,0.0,-1,-1
76160,56000,0,0.017308673469387754,0.0,0.0,-1,-1
78400,56000,0,0.03077487244897959,0.0,0.0,-1,-1
80640,56000,0,0.029728954081632654,0.0,0.0,-1,-1
82880,56000,0,4.783163265306122e-05,0.0,0.0,-1,-1
85120,56000,0,0.017777423469387755,0.0,0.0,-1,-1
87360,56000,0,0.020972576530612245,0.0,0.0,-1,-1
89600,56000,0,0.013756377551020408,0.0,0.0,-1,-1
91840,56000,0,0.01279655612244898,0.0,0.0,-1,-1
94080,56000,0,0.010507015306122448,0.0,0.0,-1,-1
96320,56000,0,0.029005102040816327,0.0,0.0,-1,-1
98560,56000,0,0.03152742346938776,0.0,0.0,-1,-1
100800,56000,0,3.1887755102040818e-06,0.0,0.0,-1,-1
103040,56000,0,3.1887755102040818e-06,0.0,0.0,-1,-1
105280,56000,0,1.913265306122449e-05,0.0,0.0,-1,-1
0,58240,0,3.826530612244898e-05,0.0,0.0,-1,-1
2240,58240,0,4.1454081632653064e-05,0.0,0.0,-1,-1
4480,58240,0,0.0009470663265306122,0.0,0.0,-1,-1
6720,58240,0,0.0003730867346938775,0.0,0.0,-1,-1
8960,58240,0,0.0020184948979591836,0.0,0.0,-1,-1
11200,58240,0,0.02232780612244898,0.0,0.0,-1,-1
13440,58240,0,0.01735969387755102,0.0,0.0,-1,-1
15680,58240,0,0.04786352040816327,0.0,0.0,-1,-1
17920,58240,0,0.01574936224489796,0.0,0.0,-1,-1
20160,58240,0,0.02169642857142857,0.0,0.0,-1,-1
22400,58240,0,0.0035331632653061223,0.0,0.0,-1,-1
24640,58240,0,0.005736607142857143,0.0,0.0,-1,-1
26880,58240,0,0.0054400510204081634,0.0,0.0,-1,-1
29120,58240,0,0.008855229591836735,0.0,0.0,-1,-1
31360,58240,0,0.0076466836734693875,0.0,0.0,-1,-1
33600,58240,0,0.005612244897959183,0.0,0.0,-1,-1
35840,58240,0,0.020338010204081634,0.0,0.0,-1,-1
38080,58240,0,0.009582270408163266,0.0,0.0,-1,-1
40320,58240,0,0.01605548469387755,0.0,0.0,-1,-1
42560,58240,0,0.019661989795918367,0.0,0.0,-1,-1
44800,58240,0,0.02171237244897959,0.0,0.0,-1,-1
47040,58240,0,0.12782525510204082,0.0,0.0,-1,-1
49280,58240,0,0.5972544642857143,0.0,0.0,-1,-1
51520,58240,0,0.6398309948979591,0.0,0.0,-1,-1
53760,58240,0,0.10160714285714285,0.0,0.0,-1,-1
56000,58240,0,0.018271683673469388,0.0,0.0,-1,-1
58240,58240,0,0.019524872448979592,0.0,0.0,-1,-1
60480,58240,0,0.10130739795918367,0.0,0.0,-1,-1
62720,58240,0,0.25972895408163266,0.0,0.0,-1,-1
64960,58240,0,0.07171237244897959,0.0,0.0,-1,-1
67200,58240,0,0.02200892857142857,0.0,0.0,-1,-1
69440,58240,0,0.02994579081632653,0.0,0.0,-1,-1
71680,58240,0,0.02668048469387755,0.0,0.0,-1,-1
73920,58240,0,0.014190051020408163,0.0,0.0,-1,-1
76160,58240,0,0.010105229591836734,0.0,0.0,-1,-1
78400,58240,0,0.036658163265306125,0.0,0.0,-1,-1
80640,58240,0,0.0692123724489796,0.0,0.0,-1,-1
82880,58240,0,0.0,0.0,0.0,-1,-1
85120,58240,0,0.011100127551020408,0.0,0.0,-1,-1
87360,58240,0,0.024862882653061226,0.0,0.0,-1,-1
89600,58240,0,0.007955994897959184,0.0,0.0,-1,-1
91840,58240,0,0.013370535714285715,0.0,0.0,-1,-1
94080,58240,0,0.019537627551020408,0.0,0.0,-1,-1
96320,58240,0,0.009936224489795918,0.0,0.0,-1,-1
98560,58240,0,0.013137755102040816,0.0,0.0,-1,-1
100800,58240,0,0.0,0.0,0.0,-1,-1
103040,58240,0,0.0,0.0,0.0,-1,-1
105280,58240,0,0.0,0.0,0.0,-1,-1
0,60480,0,2.5510204081632654e-05,0.0,0.0,-1,-1
2240,60480,0,0.0,0.0,0.0,-1,-1
4480,60480,0,0.0,0.0,0.0,-1,-1
6720,60480,0,3.188775510204082e-05,0.0,0.0,-1,-1
8960,60480,0,5.102040816326531e-05,0.0,0.0,-1,-1
11200,60480,0,3.826530612244898e-05,0.0,0.0,-1,-1
13440,60480,0,0.02995216836734694,0.0,0.0,-1,-1
15680,60480,0,0.004537627551020408,0.0,0.0,-1,-1
17920,60480,0,0.005066964285714286,0.0,0.0,-1,-1
20160,60480,0,0.009333545918367346,0.0,0.0,-1,-1
22400,60480,0,0.011575255102040816,0.0,0.0,-1,-1
24640,60480,0,0.012012117346938776,0.0,0.0,-1,-1
26880,60480,0,0.004661989795918368,0.0,0.0,-1,-1
29120,60480,0,0.0020121173469387754,0.0,0.0,-1,-1
31360,60480,0,0.004598214285714285,0.0,0.0,-1,-1
33600,60480,0,0.0045535714285714285,0.0,0.0,-1,-1
35840,60480,0,0.0062786989795918366,0.0,0.0,-1,-1
38080,60480,0,0.009693877551020408,0.0,0.0,-1,-1
40320,60480,0,0.012863520408163265,0.0,0.0,-1,-1
42560,60480,0,0.019808673469387757,0.0,0.0,-1,-1
44800,60480,0,0.28488201530612245,0.0,0.0,-1,-1
47040,60480,0,0.6673373724489796,0.0,0.0,-1,-1
49280,60480,0,0.6573692602040816,0.0,0.0,-1,-1
51520,60480,0,0.12590242346938776,0.0,0.0,-1,-1
53760,60480,0,0.018947704081632655,0.0,0.0,-1,-1
56000,60480,0,0.018440688775510205,0.0,0.0,-1,-1
58240,60480,0,0.027200255102040816,0.0,0.0,-1,-1
60480,60480,0,0.059308035714285716,0.0,0.0,-1,-1
62720,60480,0,0.021721938775510204,0.0,0.0,-1,-1
64960,60480,0,0.02324936224489796,0.0,0.0,-1,-1
67200,60480,0,0.020848214285714286,0.0,0.0,-1,-1
69440,60480,0,0.035331632653061225,0.0,0.0,-1,-1
71680,60480,0,0.029422831632653062,0.0,0.0,-1,-1
73920,60480,0,0.0157015306122449,0.0,0.0,-1,-1
76160,60480,0,0.007720025510204081,0.0,0.0,-1,-1
78400,60480,0,0.015098852040816327,0.0,0.0,-1,-1
80640,60480,0,0.032012117346938776,0.0,0.0,-1,-1
82880,60480,0,3.1887755102040818e-06,0.0,0.0,-1,-1
85120,60480,0,0.0,0.0,0.0,-1,-1
87360,60480,0,0.03018813775510204,0.0,0.0,-1,-1
89600,60480,0,0.008284438775510205,0.0,0.0,-1,-1
91840,60480,0,0.022901785714285715,0.0,0.0,-1,-1
94080,60480,0,0.032458545918367346,0.0,0.0,-1,-1
96320,60480,0,0.021253188775510204,0.0,0.0,-1,-1
98560,60480,0,0.0,0.0,0.0,-1,-1
100800,60480,0,0.0,0.0,0.0,-1,-1
103040,60480,0,0.0,0.0,0.0,-1,-1
105280,60480,0,0.0,0.0,0.0,-1,-1
0,62720,0,9.566326530612244e-06,0.0,0.0,-1,-1
2240,62720,0,3.1887755102040818e-06,0.0,0.0,-1,-1
4480,62720,0,1.2755102040816327e-05,0.0,0.0,-1,-1
6720,62720,0,0.0,0.0,0.0,-1,-1
8960,62720,0,0.0,0.0,0.0,-1,-1
11200,62720,0,4.464285714285714e-05,0.0,0.0,-1,-1
13440,62720,0,0.023928571428571428,0.0,0.0,-1,-1
15680,62720,0,0.09737563775510204,0.0,0.0,-1,-1
17920,62720,0,0.015239158163265307,0.0,0.0,-1,-1
20160,62720,0,0.0033322704081632654,0.0,0.0,-1,-1
22400,62720,0,0.011230867346938775,0.0,0.0,-1,-1
24640,62720,0,0.029011479591836736,0.0,0.0,-1,-1
26880,62720,0,0.004027423469387755,0.0,0.0,-1,-1
29120,62720,0,0.0026371173469387755,0.0,0.0,-1,-1
31360,62720,0,0.004174107142857143,0.0,0.0,-1,-1
33600,62720,0,0.017822066326530613,0.0,0.0,-1,-1
35840,62720,0,0.0019387755102040817,0.0,0.0,-1,-1
38080,62720,0,0.02516262755102041,0.0,0.0,-1,-1
40320,62720,0,0.0063520408163265304,0.0,0.0,-1,-1
42560,62720,0,0.008756377551020407,0.0,0.0,-1,-1
44800,62720,0,0.10799744897959183,0.0,0.0,-1,-1
47040,62720,0,0.20950255102040816,0.0,0.0,-1,-1
49280,62720,0,0.05394451530612245,0.0,0.0,-1,-1
51520,62720,0,0.02181122448979592,0.0,0.0,-1,-1
53760,62720,0,0.009719387755102041,0.0,0.0,-1,-1
56000,62720,0,0.012678571428571428,0.0,0.0,-1,-1
58240,62720,0,0.024017857142857143,0.0,0.0,-1,-1
60480,62720,0,0.05719387755102041,0.0,0.0,-1,-1
62720,62720,0,0.015417729591836734,0.0,0.0,-1,-1
64960,62720,0,0.016087372448979592,0.0,0.0,-1,-1
67200,62720,0,0.006170280612244898,0.0,0.0,-1,-1
69440,62720,0,0.009607780612244899,0.0,0.0,-1,-1
71680,62720,0,0.019135841836734693,0.0,0.0,-1,-1
73920,62720,0,0.02130420918367347,0.0,0.0,-1,-1
76160,62720,0,0.007892219387755101,0.0,0.0,-1,-1
78400,62720,0,0.00442920918367347,0.0,0.0,-1,-1
80640,62720,0,0.061642219387755104,0.0,0.0,-1,-1
82880,62720,0,3.188775510204082e-05,0.0,0.0,-1,-1
85120,62720,0,6.696428571428572e-05,0.0,0.0,-1,-1
87360,62720,0,0.005210459183673469,0.0,0.0,-1,-1
89600,62720,0,0.024241071428571428,0.0,0.0,-1,-1
91840,62720,0,0.006763392857142858,0.0,0.0,-1,-1
94080,62720,0,0.0,0.0,0.0,-1,-1
96320,62720,0,4.783163265306122e-05,0.0,0.0,-1,-1
98560,62720,0,0.0,0.0,0.0,-1,-1
100800,62720,0,5.7397959183673466e-05,0.0,0.0,-1,-1
103040,62720,0,6.3775510204081635e-06,0.0,0.0,-1,-1
105280,62720,0,0.0,0.0,0.0,-1,-1
0,64960,0,0.0,0.0,0.0,-1,-1
2240,64960,0,0.0,0.0,0.0,-1,-1
4480,64960,0,0.0,0.0,0.0,-1,-1
6720,64960,0,3.1887755102040818e-06,0.0,0.0,-1,-1
8960,64960,0,3.1887755102040818e-06,0.0,0.0,-1,-1
11200,64960,0,7.653061224489796e-05,0.0,0.0,-1,-1
13440,64960,0,0.01925063775510204,0.0,0.0,-1,-1
15680,64960,0,0.016393494897959184,0.0,0.0,-1,-1
17920,64960,0,0.00889030612244898,0.0,0.0,-1,-1
20160,64960,0,0.0032525510204081632,0.0,0.0,-1,-1
22400,64960,0,0.0017474489795918367,0.0,0.0,-1,-1
24640,64960,0,0.006603954081632653,0.0,0.0,-1,-1
26880,64960,0,0.004575892857142857,0.0,0.0,-1,-1
29120,64960,0,0.002653061224489796,0.0,0.0,-1,-1
31360,64960,0,0.0015051020408163266,0.0,0.0,-1,-1
33600,64960,0,0.0036479591836734693,0.0,0.0,-1,-1
35840,64960,0,0.0032971938775510205,0.0,0.0,-1,-1
38080,64960,0,0.002139668367346939,0.0,0.0,-1,-1
40320,64960,0,0.005727040816326531,0.0,0.0,-1,-1
42560,64960,0,0.00211734693877551,0.0,0.0,-1,-1
44800,64960,0,0.0016071428571428571,0.0,0.0,-1,-1
47040,64960,0,0.0029591836734693877,0.0,0.0,-1,-1
49280,64960,0,0.003475765306122449,0.0,0.0,-1,-1
51520,64960,0,0.0029974489795918367,0.0,0.0,-1,-1
53760,64960,0,0.007876275510204082,0.0,0.0,-1,-1
56000,64960,0,0.01085140306122449,0.0,0.0,-1,-1
58240,64960,0,0.05414859693877551,0.0,0.0,-1,-1
60480,64960,0,0.010854591836734694,0.0,0.0,-1,-1
62720,64960,0,0.00782844387755102,0.0,0.0,-1,-1
64960,64960,0,0.018026147959183673,0.0,0.0,-1,-1
67200,64960,0,0.004308035714285714,0.0,0.0,-1,-1
69440,64960,0,0.0055420918367346935,0.0,0.0,-1,-1
71680,64960,0,0.004767219387755102,0.0,0.0,-1,-1
73920,64960,0,0.01789859693877551,0.0,0.0,-1,-1
76160,64960,0,0.007382015306122449,0.0,0.0,-1,-1
78400,64960,0,0.025471938775510204,0.0,0.0,-1,-1
80640,64960,0,0.042697704081632655,0.0,0.0,-1,-1
82880,64960,0,0.0,0.0,0.0,-1,-1
85120,64960,0,0.0,0.0,0.0,-1,-1
87360,64960,0,0.0,0.0,0.0,-1,-1
89600,64960,0,2.232142857142857e-05,0.0,0.0,-1,-1
91840,64960,0,2.232142857142857e-05,0.0,0.0,-1,-1
94080,64960,0,0.0,0.0,0.0,-1,-1
96320,64960,0,3.1887755102040818e-06,0.0,0.0,-1,-1
98560,64960,0,0.0,0.0,0.0,-1,-1
100800,64960,0,0.0,0.0,0.0,-1,-1
103040,64960,0,6.3775510204081635e-06,0.0,0.0,-1,-1
105280,64960,0,3.1887755102040818e-06,0.0,0.0,-1,-1
0,67200,0,0.001954719387755102,0.0,0.0,-1,-1
2240,67200,0,0.0,0.0,0.0,-1,-1
4480,67200,0,4.783163265306122e-05,0.0,0.0,-1,-1
6720,67200,0,6.3775510204081635e-06,0.0,0.0,-1,-1
8960,67200,0,0.0,0.0,0.0,-1,-1
11200,67200,0,9.566326530612244e-06,0.0,0.0,-1,-1
13440,67200,0,1.594387755102041e-05,0.0,0.0,-1,-1
15680,67200,0,0.008622448979591836,0.0,0.0,-1,-1
17920,67200,0,0.02071109693877551,0.0,0.0,-1,-1
20160,67200,0,0.006881377551020408,0.0,0.0,-1,-1
22400,67200,0,0.003514030612244898,0.0,0.0,-1,-1
24640,67200,0,0.0034630102040816325,0.0,0.0,-1,-1
26880,67200,0,0.002729591836734694,0.0,0.0,-1,-1
29120,67200,0,0.00359375,0.0,0.0,-1,-1
31360,67200,0,0.001642219387755102,0.0,0.0,-1,-1
33600,67200,0,0.004623724489795918,0.0,0.0,-1,-1
35840,67200,0,0.0035809948979591837,0.0,0.0,-1,-1
38080,67200,0,0.003660714285714286,0.0,0.0,-1,-1
40320,67200,0,0.0006377551020408163,0.0,0.0,-1,-1
42560,67200,0,0.0008131377551020408,0.0,0.0,-1,-1
44800,67200,0,0.0020950255102040816,0.0,0.0,-1,-1
47040,67200,0,0.0013137755102040816,0.0,0.0,-1,-1
49280,67200,0,0.0015019132653061225,0.0,0.0,-1,-1
51520,67200,0,0.006772959183673469,0.0,0.0,-1,-1
53760,67200,0,0.014170918367346939,0.0,0.0,-1,-1
56000,67200,0,0.010188137755102042,0.0,0.0,-1,-1
58240,67200,0,0.013150510204081632,0.0,0.0,-1,-1
60480,67200,0,0.007468112244897959,0.0,0.0,-1,-1
62720,67200,0,0.007790178571428571,0.0,0.0,-1,-1
64960,67200,0,0.006441326530612245,0.0,0.0,-1,-1
67200,67200,0,0.0029432397959183675,0.0,0.0,-1,-1
69440,67200,0,0.009907525510204082,0.0,0.0,-1,-1
71680,67200,0,0.01865433673469388,0.0,0.0,-1,-1
73920,67200,0,0.021396683673469388,0.0,0.0,-1,-1
76160,67200,0,0.03974170918367347,0.0,0.0,-1,-1
78400,67200,0,0.04027742346938776,0.0,0.0,-1,-1
80640,67200,0,0.003010204081632653,0.0,0.0,-1,-1
82880,67200,0,1.2755102040816327e-05,0.0,0.0,-1,-1
85120,67200,0,0.0,0.0,0.0,-1,-1
87360,67200,0,4.783163265306122e-05,0.0,0.0,-1,-1
89600,67200,0,6.377551020408164e-05,0.0,0.0,-1,-1
91840,67200,0,0.0010809948979591836,0.0,0.0,-1,-1
94080,67200,0,9.566326530612244e-06,0.0,0.0,-1,-1
96320,67200,0,0.003080357142857143,0.0,0.0,-1,-1
98560,67200,0,0.0,0.0,0.0,-1,-1
100800,67200,0,0.0,0.0,0.0,-1,-1
103040,67200,0,1.2755102040816327e-05,0.0,0.0,-1,-1
105280,67200,0,1.594387755102041e-05,0.0,0.0,-1,-1
0,69440,0,4.464285714285714e-05,0.0,0.0,-1,-1
2240,69440,0,0.0,0.0,0.0,-1,-1
4480,69440,0,0.0,0.0,0.0,-1,-1
6720,69440,0,3.1887755102040818e-06,0.0,0.0,-1,-1
8960,69440,0,0.0,0.0,0.0,-1,-1
11200,69440,0,1.913265306122449e-05,0.0,0.0,-1,-1
13440,69440,0,0.00023915816326530612,0.0,0.0,-1,-1
15680,69440,0,0.0,0.0,0.0,-1,-1
17920,69440,0,0.04610331632653061,0.0,0.0,-1,-1
20160,69440,0,0.05138711734693877,0.0,0.0,-1,-1
22400,69440,0,0.022448979591836733,0.0,0.0,-1,-1
24640,69440,0,0.007694515306122449,0.0,0.0,-1,-1
26880,69440,0,0.004693877551020408,0.0,0.0,-1,-1
29120,69440,0,0.006020408163265306,0.0,0.0,-1,-1
31360,69440,0,0.005762117346938775,0.0,0.0,-1,-1
33600,69440,0,0.0037978316326530612,0.0,0.0,-1,-1
35840,69440,0,0.0028220663265306123,0.0,0.0,-1,-1
38080,69440,0,0.009221938775510204,0.0,0.0,-1,-1
40320,69440,0,0.002219387755102041,0.0,0.0,-1,-1
42560,69440,0,0.003198341836734694,0.0,0.0,-1,-1
44800,69440,0,0.00432079081632653,0.0,0.0,-1,-1
47040,69440,0,0.0038073979591836736,0.0,0.0,-1,-1
49280,69440,0,0.0024362244897959185,0.0,0.0,-1,-1
51520,69440,0,0.0017665816326530612,0.0,0.0,-1,-1
53760,69440,0,0.005003188775510204,0.0,0.0,-1,-1
56000,69440,0,0.0016964285714285714,0.0,0.0,-1,-1
58240,69440,0,0.0038360969387755102,0.0,0.0,-1,-1
60480,69440,0,0.006536989795918368,0.0,0.0,-1,-1
62720,69440,0,0.0005325255102040816,0.0,0.0,-1,-1
64960,69440,0,0.009426020408163266,0.0,0.0,-1,-1
67200,69440,0,0.00911670918367347,0.0,0.0,-1,-1
69440,69440,0,0.02063456632653061,0.0,0.0,-1,-1
71680,69440,0,0.02753826530612245,0.0,0.0,-1,-1
73920,69440,0,0.014119897959183673,0.0,0.0,-1,-1
76160,69440,0,1.594387755102041e-05,0.0,0.0,-1,-1
78400,69440,0,0.0,0.0,0.0,-1,-1
80640,69440,0,0.0,0.0,0.0,-1,-1
82880,69440,0,3.1887755102040818e-06,0.0,0.0,-1,-1
85120,69440,0,0.0,0.0,0.0,-1,-1
87360,69440,0,9.566326530612244e-06,0.0,0.0,-1,-1
89600,69440,0,0.0,0.0,0.0,-1,-1
91840,69440,0,0.0,0.0,0.0,-1,-1
94080,69440,0,0.0,0.0,0.0,-1,-1
96320,69440,0,1.594387755102041e-05,0.0,0.0,-1,-1
98560,69440,0,0.0,0.0,0.0,-1,-1
100800,69440,0,0.0,0.0,0.0,-1,-1
103040,69440,0,1.594387755102041e-05,0.0,0.0,-1,-1
105280,69440,0,0.0,0.0,0.0,-1,-1
0,71680,0,6.3775510204081635e-06,0.0,0.0,-1,-1
2240,71680,0,0.0,0.0,0.0,-1,-1
4480,71680,0,0.0,0.0,0.0,-1,-1
6720,71680,0,0.0,0.0,0.0,-1,-1
8960,71680,0,1.594387755102041e-05,0.0,0.0,-1,-1
11200,71680,0,5.420918367346939e-05,0.0,0.0,-1,-1
13440,71680,0,0.0004878826530612245,0.0,0.0,-1,-1
15680,71680,0,0.0,0.0,0.0,-1,-1
17920,71680,0,3.1887755102040818e-06,0.0,0.0,-1,-1
20160,71680,0,2.232142857142857e-05,0.0,0.0,-1,-1
22400,71680,0,0.005647321428571429,0.0,0.0,-1,-1
24640,71680,0,0.014808673469387756,0.0,0.0,-1,-1
26880,71680,0,0.003638392857142857,0.0,0.0,-1,-1
29120,71680,0,0.0029591836734693877,0.0,0.0,-1,-1
31360,71680,0,0.006230867346938776,0.0,0.0,-1,-1
33600,71680,0,0.0024808673469387753,0.0,0.0,-1,-1
35840,71680,0,0.007353316326530612,0.0,0.0,-1,-1
38080,71680,0,0.017917729591836736,0.0,0.0,-1,-1
40320,71680,0,0.002455357142857143,0.0,0.0,-1,-1
42560,71680,0,0.0012276785714285714,0.0,0.0,-1,-1
44800,71680,0,0.0018239795918367347,0.0,0.0,-1,-1
47040,71680,0,0.001524234693877551,0.0,0.0,-1,-1
49280,71680,0,0.003714923469387755,0.0,0.0,-1,-1
51520,71680,0,0.0045535714285714285,0.0,0.0,-1,-1
53760,71680,0,0.020299744897959184,0.0,0.0,-1,-1
56000,71680,0,0.0049330357142857145,0.0,0.0,-1,-1
58240,71680,0,0.017853954081632654,0.0,0.0,-1,-1
60480,71680,0,0.006721938775510204,0.0,0.0,-1,-1
62720,71680,0,0.006651785714285714,0.0,0.0,-1,-1
64960,71680,0,0.02522640306122449,0.0,0.0,-1,-1
67200,71680,0,0.016677295918367346,0.0,0.0,-1,-1
69440,71680,0,0.054684311224489794,0.0,0.0,-1,-1
71680,71680,0,0.029375,0.0,0.0,-1,-1
73920,71680,0,3.1887755102040818e-06,0.0,0.0,-1,-1
76160,71680,0,3.826530612244898e-05,0.0,0.0,-1,-1
78400,71680,0,1.594387755102041e-05,0.0,0.0,-1,-1
80640,71680,0,1.594387755102041e-05,0.0,0.0,-1,-1
82880,71680,0,1.594387755102041e-05,0.0,0.0,-1,-1
85120,71680,0,2.8698979591836733e-05,0.0,0.0,-1,-1
87360,71680,0,0.0,0.0,0.0,-1,-1
89600,71680,0,5.102040816326531e-05,0.0,0.0,-1,-1
91840,71680,0,0.0,0.0,0.0,-1,-1
94080,71680,0,9.566326530612244e-05,0.0,0.0,-1,-1
96320,71680,0,0.0,0.0,0.0,-1,-1
98560,71680,0,5.420918367346939e-05,0.0,0.0,-1,-1
100800,71680,0,4.464285714285714e-05,0.0,0.0,-1,-1
103040,71680,0,1.594387755102041e-05,0.0,0.0,-1,-1
105280,71680,0,0.0,0.0,0.0,-1,-1
0,73920,0,2.232142857142857e-05,0.0,0.0,-1,-1
2240,73920,0,0.0,0.0,0.0,-1,-1
4480,73920,0,6.3775510204081635e-06,0.0,0.0,-1,-1
6720,73920,0,4.1454081632653064e-05,0.0,0.0,-1,-1
8960,73920,0,1.913265306122449e-05,0.0,0.0,-1,-1
11200,73920,0,0.0,0.0,0.0,-1,-1
13440,73920,0,3.1887755102040818e-06,0.0,0.0,-1,-1
15680,73920,0,6.3775510204081635e-06,0.0,0.0,-1,-1
17920,73920,0,0.0,0.0,0.0,-1,-1
20160,73920,0,9.566326530612244e-06,0.0,0.0,-1,-1
22400,73920,0,3.1887755102040818e-06,0.0,0.0,-1,-1
24640,73920,0,0.008128188775510204,0.0,0.0,-1,-1
26880,73920,0,0.008635204081632653,0.0,0.0,-1,-1
29120,73920,0,0.004614158163265306,0.0,0.0,-1,-1
31360,73920,0,0.004241071428571428,0.0,0.0,-1,-1
33600,73920,0,0.002120535714285714,0.0,0.0,-1,-1
35840,73920,0,0.0035395408163265306,0.0,0.0,-1,-1
38080,73920,0,0.011313775510204082,0.0,0.0,-1,-1
40320,73920,0,0.0023724489795918366,0.0,0.0,-1,-1
42560,73920,0,0.0017857142857142857,0.0,0.0,-1,-1
44800,73920,0,0.0019610969387755103,0.0,0.0,-1,-1
47040,73920,0,0.0008705357142857143,0.0,0.0,-1,-1
49280,73920,0,0.00125,0.0,0.0,-1,-1
51520,73920,0,0.0012595663265306122,0.0,0.0,-1,-1
53760,73920,0,0.005876913265306123,0.0,0.0,-1,-1
56000,73920,0,0.006144770408163265,0.0,0.0,-1,-1
58240,73920,0,0.004081632653061225,0.0,0.0,-1,-1
60480,73920,0,0.009853316326530612,0.0,0.0,-1,-1
62720,73920,0,0.005105229591836734,0.0,0.0,-1,-1
64960,73920,0,0.00035076530612244896,0.0,0.0,-1,-1
67200,73920,0,3.826530612244898e-05,0.0,0.0,-1,-1
69440,73920,0,0.0055420918367346935,0.0,0.0,-1,-1
71680,73920,0,0.00035076530612244896,0.0,0.0,-1,-1
73920,73920,0,0.0,0.0,0.0,-1,-1
76160,73920,0,0.0,0.0,0.0,-1,-1
78400,73920,0,0.0,0.0,0.0,-1,-1
80640,73920,0,0.0,0.0,0.0,-1,-1
82880,73920,0,0.0,0.0,0.0,-1,-1
85120,73920,0,0.0,0.0,0.0,-1,-1
87360,73920,0,0.0,0.0,0.0,-1,-1
89600,73920,0,6.3775510204081635e-06,0.0,0.0,-1,-1
91840,73920,0,0.0,0.0,0.0,-1,-1
94080,73920,0,0.0,0.0,0.0,-1,-1
96320,73920,0,0.0,0.0,0.0,-1,-1
98560,73920,0,3.1887755102040818e-06,0.0,0.0,-1,-1
100800,73920,0,0.0,0.0,0.0,-1,-1
103040,73920,0,0.0,0.0,0.0,-1,-1
105280,73920,0,6.3775510204081635e-06,0.0,0.0,-1,-1
0,76160,0,0.0,0.0,0.0,-1,-1
2240,76160,0,6.377551020408164e-05,0.0,0.0,-1,-1
4480,76160,0,0.0,0.0,0.0,-1,-1
6720,76160,0,0.0,0.0,0.0,-1,-1
8960,76160,0,0.0,0.0,0.0,-1,-1
11200,76160,0,0.0,0.0,0.0,-1,-1
13440,76160,0,1.594387755102041e-05,0.0,0.0,-1,-1
15680,76160,0,0.0,0.0,0.0,-1,-1
17920,76160,0,3.1887755102040818e-06,0.0,0.0,-1,-1
20160,76160,0,2.8698979591836733e-05,0.0,0.0,-1,-1
22400,76160,0,0.0,0.0,0.0,-1,-1
24640,76160,0,0.0,0.0,0.0,-1,-1
26880,76160,0,1.594387755102041e-05,0.0,0.0,-1,-1
29120,76160,0,0.006444515306122449,0.0,0.0,-1,-1
31360,76160,0,0.004952168367346939,0.0,0.0,-1,-1
33600,76160,0,0.026103316326530613,0.0,0.0,-1,-1
35840,76160,0,0.012589285714285714,0.0,0.0,-1,-1
38080,76160,0,0.01059311224489796,0.0,0.0,-1,-1
40320,76160,0,0.003555484693877551,0.0,0.0,-1,-1
42560,76160,0,0.004917091836734694,0.0,0.0,-1,-1
44800,76160,0,0.0010395408163265307,0.0,0.0,-1,-1
47040,76160,0,0.0015019132653061225,0.0,0.0,-1,-1
49280,76160,0,0.0014317602040816327,0.0,0.0,-1,-1
51520,76160,0,0.0015051020408163266,0.0,0.0,-1,-1
53760,76160,0,0.0014795918367346938,0.0,0.0,-1,-1
56000,76160,0,0.0037627551020408163,0.0,0.0,-1,-1
58240,76160,0,0.004923469387755102,0.0,0.0,-1,-1
60480,76160,0,0.014802295918367347,0.0,0.0,-1,-1
62720,76160,0,0.0033131377551020406,0.0,0.0,-1,-1
64960,76160,0,2.5510204081632654e-05,0.0,0.0,-1,-1
67200,76160,0,0.0,0.0,0.0,-1,-1
69440,76160,0,1.913265306122449e-05,0.0,0.0,-1,-1
71680,76160,0,9.566326530612244e-06,0.0,0.0,-1,-1
73920,76160,0,3.50765306122449e-05,0.0,0.0,-1,-1
76160,76160,0,0.0,0.0,0.0,-1,-1
78400,76160,0,2.5510204081632654e-05,0.0,0.0,-1,-1
80640,76160,0,4.783163265306122e-05,0.0,0.0,-1,-1
82880,76160,0,0.0,0.0,0.0,-1,-1
85120,76160,0,0.0,0.0,0.0,-1,-1
87360,76160,0,0.0,0.0,0.0,-1,-1
89600,76160,0,0.0,0.0,0.0,-1,-1
91840,76160,0,0.0,0.0,0.0,-1,-1
94080,76160,0,3.1887755102040818e-06,0.0,0.0,-1,-1
96320,76160,0,0.0,0.0,0.0,-1,-1
98560,76160,0,3.1887755102040818e-06,0.0,0.0,-1,-1
100800,76160,0,3.1887755102040818e-06,0.0,0.0,-1,-1
103040,76160,0,0.0,0.0,0.0,-1,-1
105280,76160,0,0.0,0.0,0.0,-1,-1
0,78400,0,3.1887755102040818e-06,0.0,0.0,-1,-1
2240,78400,0,9.566326530612244e-06,0.0,0.0,-1,-1
4480,78400,0,3.1887755102040818e-06,0.0,0.0,-1,-1
6720,78400,0,1.2755102040816327e-05,0.0,0.0,-1,-1
8960,78400,0,0.0,0.0,0.0,-1,-1
11200,78400,0,1.2755102040816327e-05,0.0,0.0,-1,-1
13440,78400,0,6.3775510204081635e-06,0.0,0.0,-1,-1
15680,78400,0,1.2755102040816327e-05,0.0,0.0,-1,-1
17920,78400,0,0.0,0.0,0.0,-1,-1
20160,78400,0,0.0,0.0,0.0,-1,-1
22400,78400,0,6.3775510204081635e-06,0.0,0.0,-1,-1
24640,78400,0,0.0001721938775510204,0.0,0.0,-1,-1
26880,78400,0,9.566326530612244e-06,0.0,0.0,-1,-1
29120,78400,0,0.0,0.0,0.0,-1,-1
31360,78400,0,3.50765306122449e-05,0.0,0.0,-1,-1
33600,78400,0,0.007244897959183674,0.0,0.0,-1,-1
35840,78400,0,0.04120535714285714,0.0,0.0,-1,-1
38080,78400,0,0.020315688775510203,0.0,0.0,-1,-1
40320,78400,0,0.019346301020408165,0.0,0.0,-1,-1
42560,78400,0,0.03330676020408163,0.0,0.0,-1,-1
44800,78400,0,0.013941326530612246,0.0,0.0,-1,-1
47040,78400,0,0.0014349489795918368,0.0,0.0,-1,-1
49280,78400,0,0.0014126275510204082,0.0,0.0,-1,-1
51520,78400,0,0.0010204081632653062,0.0,0.0,-1,-1
53760,78400,0,0.006198979591836734,0.0,0.0,-1,-1
56000,78400,0,0.008297193877551021,0.0,0.0,-1,-1
58240,78400,0,0.007461734693877551,0.0,0.0,-1,-1
60480,78400,0,0.0015529336734693877,0.0,0.0,-1,-1
62720,78400,0,1.594387755102041e-05,0.0,0.0,-1,-1
64960,78400,0,0.0,0.0,0.0,-1,-1
67200,78400,0,0.0,0.0,0.0,-1,-1
69440,78400,0,1.2755102040816327e-05,0.0,0.0,-1,-1
71680,78400,0,2.5510204081632654e-05,0.0,0.0,-1,-1
73920,78400,0,3.1887755102040818e-06,0.0,0.0,-1,-1
76160,78400,0,0.0,0.0,0.0,-1,-1
78400,78400,0,0.0,0.0,0.0,-1,-1
80640,78400,0,7.653061224489796e-05,0.0,0.0,-1,-1
82880,78400,0,1.594387755102041e-05,0.0,0.0,-1,-1
85120,78400,0,0.0,0.0,0.0,-1,-1
87360,78400,0,0.0,0.0,0.0,-1,-1
89600,78400,0,5.7397959183673466e-05,0.0,0.0,-1,-1
91840,78400,0,0.0,0.0,0.0,-1,-1
94080,78400,0,3.1887755102040818e-06,0.0,0.0,-1,-1
96320,78400,0,0.0,0.0,0.0,-1,-1
98560,78400,0,0.0,0.0,0.0,-1,-1
100800,78400,0,3.1887755102040818e-06,0.0,0.0,-1,-1
103040,78400,0,0.0,0.0,0.0,-1,-1
105280,78400,0,0.0,0.0,0.0,-1,-1
0,80640,0,3.1887755102040818e-06,0.0,0.0,-1,-1
2240,80640,0,0.0,0.0,0.0,-1,-1
4480,80640,0,9.566326530612244e-06,0.0,0.0,-1,-1
6720,80640,0,3.1887755102040818e-06,0.0,0.0,-1,-1
8960,80640,0,6.3775510204081635e-06,0.0,0.0,-1,-1
11200,80640,0,1.2755102040816327e-05,0.0,0.0,-1,-1
13440,80640,0,0.0,0.0,0.0,-1,-1
15680,80640,0,6.3775510204081635e-06,0.0,0.0,-1,-1
17920,80640,0,3.50765306122449e-05,0.0,0.0,-1,-1
20160,80640,0,9.566326530612244e-06,0.0,0.0,-1,-1
22400,80640,0,9.566326530612244e-06,0.0,0.0,-1,-1
24640,80640,0,2.5510204081632654e-05,0.0,0.0,-1,-1
26880,80640,0,6.3775510204081635e-06,0.0,0.0,-1,-1
29120,80640,0,3.1887755102040818e-06,0.0,0.0,-1,-1
31360,80640,0,9.566326530612244e-06,0.0,0.0,-1,-1
33600,80640,0,6.3775510204081635e-06,0.0,0.0,-1,-1
35840,80640,0,0.0,0.0,0.0,-1,-1
38080,80640,0,1.2755102040816327e-05,0.0,0.0,-1,-1
40320,80640,0,3.50765306122449e-05,0.0,0.0,-1,-1
42560,80640,0,1.594387755102041e-05,0.0,0.0,-1,-1
44800,80640,0,0.027394770408163266,0.0,0.0,-1,-1
47040,80640,0,0.039738520408163266,0.0,0.0,-1,-1
49280,80640,0,0.01594706632653061,0.0,0.0,-1,-1
51520,80640,0,0.023376913265306123,0.0,0.0,-1,-1
53760,80640,0,0.03037627551020408,0.0,0.0,-1,-1
56000,80640,0,0.003979591836734694,0.0,0.0,-1,-1
58240,80640,0,0.0005102040816326531,0.0,0.0,-1,-1
60480,80640,0,1.594387755102041e-05,0.0,0.0,-1,-1
62720,80640,0,0.0,0.0,0.0,-1,-1
64960,80640,0,3.50765306122449e-05,0.0,0.0,-1,-1
67200,80640,0,5.102040816326531e-05,0.0,0.0,-1,-1
69440,80640,0,1.2755102040816327e-05,0.0,0.0,-1,-1
71680,80640,0,1.2755102040816327e-05,0.0,0.0,-1,-1
73920,80640,0,0.0,0.0,0.0,-1,-1
76160,80640,0,0.0,0.0,0.0,-1,-1
78400,80640,0,4.783163265306122e-05,0.0,0.0,-1,-1
80640,80640,0,0.0,0.0,0.0,-1,-1
82880,80640,0,7.653061224489796e-05,0.0,0.0,-1,-1
85120,80640,0,0.0005133928571428571,0.0,0.0,-1,-1
87360,80640,0,4.1454081632653064e-05,0.0,0.0,-1,-1
89600,80640,0,2.8698979591836733e-05,0.0,0.0,-1,-1
91840,80640,0,1.913265306122449e-05,0.0,0.0,-1,-1
94080,80640,0,1.2755102040816327e-05,0.0,0.0,-1,-1
96320,80640,0,0.0,0.0,0.0,-1,-1
98560,80640,0,0.0,0.0,0.0,-1,-1
100800,80640,0,0.0004910714285714286,0.0,0.0,-1,-1
103040,80640,0,9.566326530612244e-06,0.0,0.0,-1,-1
105280,80640,0,1.913265306122449e-05,0.0,0.0,-1,-1
0,82880,0,4.464285714285714e-05,0.0,0.0,-1,-1
2240,82880,0,0.0,0.0,0.0,-1,-1
4480,82880,0,0.0,0.0,0.0,-1,-1
6720,82880,0,0.0,0.0,0.0,-1,-1
8960,82880,0,0.0,0.0,0.0,-1,-1
11200,82880,0,1.594387755102041e-05,0.0,0.0,-1,-1
13440,82880,0,3.188775510204082e-05,0.0,0.0,-1,-1
15680,82880,0,3.188775510204082e-05,0.0,0.0,-1,-1
17920,82880,0,6.3775510204081635e-06,0.0,0.0,-1,-1
20160,82880,0,3.1887755102040818e-06,0.0,0.0,-1,-1
22400,82880,0,0.00018494897959183673,0.0,0.0,-1,-1
24640,82880,0,3.1887755102040818e-06,0.0,0.0,-1,-1
26880,82880,0,9.566326530612244e-06,0.0,0.0,-1,-1
29120,82880,0,9.566326530612244e-06,0.0,0.0,-1,-1
31360,82880,0,6.3775510204081635e-06,0.0,0.0,-1,-1
33600,82880,0,0.001361607142857143,0.0,0.0,-1,-1
35840,82880,0,3.1887755102040818e-06,0.0,0.0,-1,-1
38080,82880,0,0.00022959183673469387,0.0,0.0,-1,-1
40320,82880,0,0.0,0.0,0.0,-1,-1
42560,82880,0,2.232142857142857e-05,0.0,0.0,-1,-1
44800,82880,0,0.0,0.0,0.0,-1,-1
47040,82880,0,0.0,0.0,0.0,-1,-1
49280,82880,0,0.0,0.0,0.0,-1,-1
51520,82880,0,3.1887755102040818e-06,0.0,0.0,-1,-1
53760,82880,0,0.0,0.0,0.0,-1,-1
56000,82880,0,6.3775510204081635e-06,0.0,0.0,-1,-1
58240,82880,0,0.0,0.0,0.0,-1,-1
60480,82880,0,2.5510204081632654e-05,0.0,0.0,-1,-1
62720,82880,0,0.0,0.0,0.0,-1,-1
64960,82880,0,4.1454081632653064e-05,0.0,0.0,-1,-1
67200,82880,0,3.1887755102040818e-06,0.0,0.0,-1,-1
69440,82880,0,0.0,0.0,0.0,-1,-1
71680,82880,0,3.188775510204082e-05,0.0,0.0,-1,-1
73920,82880,0,1.2755102040816327e-05,0.0,0.0,-1,-1
76160,82880,0,3.50765306122449e-05,0.0,0.0,-1,-1
78400,82880,0,3.188775510204082e-05,0.0,0.0,-1,-1
80640,82880,0,8.928571428571429e-05,0.0,0.0,-1,-1
82880,82880,0,0.0,0.0,0.0,-1,-1
85120,82880,0,3.1887755102040818e-06,0.0,0.0,-1,-1
87360,82880,0,0.0,0.0,0.0,-1,-1
89600,82880,0,1.594387755102041e-05,0.0,0.0,-1,-1
91840,82880,0,0.0,0.0,0.0,-1,-1
94080,82880,0,0.0,0.0,0.0,-1,-1
96320,82880,0,0.0,0.0,0.0,-1,-1
98560,82880,0,0.0,0.0,0.0,-1,-1
100800,82880,0,0.0,0.0,0.0,-1,-1
103040,82880,0,0.0001211734693877551,0.0,0.0,-1,-1
105280,82880,0,2.5510204081632654e-05,0.0,0.0,-1,-1
